progress,subject,consent,age,gender,group,numeracy_total,reasoning_total,openminded_total,thinking_total,stage,truth_estimate
100,subj1,I consent,18,Female,Complex,9,9,39,0,stage1,36
100,subj1,I consent,18,Female,Complex,9,9,39,0,stage2,70
100,subj1,I consent,18,Female,Complex,9,9,39,0,stage3,68
100,subj1,I consent,18,Female,Complex,9,9,39,0,stage4,54
100,subj1,I consent,18,Female,Complex,9,9,39,0,stage5,51
100,subj1,I consent,18,Female,Complex,9,9,39,0,stage6,43
100,subj1,I consent,18,Female,Complex,9,9,39,0,stage7,41
100,subj2,I consent,18,Male,Simple,9,10,46,2,stage1,50
100,subj2,I consent,18,Male,Simple,9,10,46,2,stage2,55
100,subj2,I consent,18,Male,Simple,9,10,46,2,stage3,55
100,subj2,I consent,18,Male,Simple,9,10,46,2,stage4,90
100,subj2,I consent,18,Male,Simple,9,10,46,2,stage5,75
100,subj2,I consent,18,Male,Simple,9,10,46,2,stage6,50
100,subj2,I consent,18,Male,Simple,9,10,46,2,stage7,35
100,subj3,I consent,19,Female,Simple,10,8,42,0,stage1,50
100,subj3,I consent,19,Female,Simple,10,8,42,0,stage2,50
100,subj3,I consent,19,Female,Simple,10,8,42,0,stage3,77
100,subj3,I consent,19,Female,Simple,10,8,42,0,stage4,60
100,subj3,I consent,19,Female,Simple,10,8,42,0,stage5,25
100,subj3,I consent,19,Female,Simple,10,8,42,0,stage6,20
100,subj3,I consent,19,Female,Simple,10,8,42,0,stage7,13
100,subj4,I consent,27,Female,Complex,8,7,38,0,stage1,70
100,subj4,I consent,27,Female,Complex,8,7,38,0,stage2,80
100,subj4,I consent,27,Female,Complex,8,7,38,0,stage3,90
100,subj4,I consent,27,Female,Complex,8,7,38,0,stage4,95
100,subj4,I consent,27,Female,Complex,8,7,38,0,stage5,70
100,subj4,I consent,27,Female,Complex,8,7,38,0,stage6,80
100,subj4,I consent,27,Female,Complex,8,7,38,0,stage7,90
100,subj5,I consent,19,Male,Simple,11,11,46,3,stage1,71
100,subj5,I consent,19,Male,Simple,11,11,46,3,stage2,73
100,subj5,I consent,19,Male,Simple,11,11,46,3,stage3,85
100,subj5,I consent,19,Male,Simple,11,11,46,3,stage4,95
100,subj5,I consent,19,Male,Simple,11,11,46,3,stage5,95
100,subj5,I consent,19,Male,Simple,11,11,46,3,stage6,32
100,subj5,I consent,19,Male,Simple,11,11,46,3,stage7,32
100,subj6,I consent,20,Female,Complex,10,10,47,0,stage1,89
100,subj6,I consent,20,Female,Complex,10,10,47,0,stage2,100
100,subj6,I consent,20,Female,Complex,10,10,47,0,stage3,44
100,subj6,I consent,20,Female,Complex,10,10,47,0,stage4,55
100,subj6,I consent,20,Female,Complex,10,10,47,0,stage5,100
100,subj6,I consent,20,Female,Complex,10,10,47,0,stage6,50
100,subj6,I consent,20,Female,Complex,10,10,47,0,stage7,55
100,subj7,I consent,20,Female,Simple,9,8,42,0,stage1,80
100,subj7,I consent,20,Female,Simple,9,8,42,0,stage2,70
100,subj7,I consent,20,Female,Simple,9,8,42,0,stage3,62
100,subj7,I consent,20,Female,Simple,9,8,42,0,stage4,90
100,subj7,I consent,20,Female,Simple,9,8,42,0,stage5,53
100,subj7,I consent,20,Female,Simple,9,8,42,0,stage6,42
100,subj7,I consent,20,Female,Simple,9,8,42,0,stage7,30
100,subj8,I consent,19,Female,Complex,10,9,41,0,stage1,25
100,subj8,I consent,19,Female,Complex,10,9,41,0,stage2,51
100,subj8,I consent,19,Female,Complex,10,9,41,0,stage3,50
100,subj8,I consent,19,Female,Complex,10,9,41,0,stage4,63
100,subj8,I consent,19,Female,Complex,10,9,41,0,stage5,17
100,subj8,I consent,19,Female,Complex,10,9,41,0,stage6,55
100,subj8,I consent,19,Female,Complex,10,9,41,0,stage7,20
100,subj9,I consent,21,Female,Complex,8,8,43,0,stage1,25
100,subj9,I consent,21,Female,Complex,8,8,43,0,stage2,40
100,subj9,I consent,21,Female,Complex,8,8,43,0,stage3,50
100,subj9,I consent,21,Female,Complex,8,8,43,0,stage4,51
100,subj9,I consent,21,Female,Complex,8,8,43,0,stage5,61
100,subj9,I consent,21,Female,Complex,8,8,43,0,stage6,60
100,subj9,I consent,21,Female,Complex,8,8,43,0,stage7,64
100,subj10,I consent,18,Female,Simple,10,7,45,0,stage1,54
100,subj10,I consent,18,Female,Simple,10,7,45,0,stage2,61
100,subj10,I consent,18,Female,Simple,10,7,45,0,stage3,96
100,subj10,I consent,18,Female,Simple,10,7,45,0,stage4,95
100,subj10,I consent,18,Female,Simple,10,7,45,0,stage5,26
100,subj10,I consent,18,Female,Simple,10,7,45,0,stage6,22
100,subj10,I consent,18,Female,Simple,10,7,45,0,stage7,21
100,subj11,I consent,18,Female,Complex,9,8,43,0,stage1,40
100,subj11,I consent,18,Female,Complex,9,8,43,0,stage2,52
100,subj11,I consent,18,Female,Complex,9,8,43,0,stage3,60
100,subj11,I consent,18,Female,Complex,9,8,43,0,stage4,30
100,subj11,I consent,18,Female,Complex,9,8,43,0,stage5,71
100,subj11,I consent,18,Female,Complex,9,8,43,0,stage6,72
100,subj11,I consent,18,Female,Complex,9,8,43,0,stage7,82
100,subj12,I consent,18,Male,Simple,8,8,34,2,stage1,61
100,subj12,I consent,18,Male,Simple,8,8,34,2,stage2,41
100,subj12,I consent,18,Male,Simple,8,8,34,2,stage3,88
100,subj12,I consent,18,Male,Simple,8,8,34,2,stage4,88
100,subj12,I consent,18,Male,Simple,8,8,34,2,stage5,31
100,subj12,I consent,18,Male,Simple,8,8,34,2,stage6,32
100,subj12,I consent,18,Male,Simple,8,8,34,2,stage7,31
100,subj13,I consent,27,Female,Complex,10,9,48,1,stage1,40
100,subj13,I consent,27,Female,Complex,10,9,48,1,stage2,74
100,subj13,I consent,27,Female,Complex,10,9,48,1,stage3,71
100,subj13,I consent,27,Female,Complex,10,9,48,1,stage4,86
100,subj13,I consent,27,Female,Complex,10,9,48,1,stage5,90
100,subj13,I consent,27,Female,Complex,10,9,48,1,stage6,75
100,subj13,I consent,27,Female,Complex,10,9,48,1,stage7,61
100,subj14,I consent,19,Female,Simple,9,11,36,0,stage1,65
100,subj14,I consent,19,Female,Simple,9,11,36,0,stage2,40
100,subj14,I consent,19,Female,Simple,9,11,36,0,stage3,70
100,subj14,I consent,19,Female,Simple,9,11,36,0,stage4,80
100,subj14,I consent,19,Female,Simple,9,11,36,0,stage5,61
100,subj14,I consent,19,Female,Simple,9,11,36,0,stage6,40
100,subj14,I consent,19,Female,Simple,9,11,36,0,stage7,39
100,subj15,I consent,22,Female,Complex,4,6,33,0,stage1,65
100,subj15,I consent,22,Female,Complex,4,6,33,0,stage2,35
100,subj15,I consent,22,Female,Complex,4,6,33,0,stage3,55
100,subj15,I consent,22,Female,Complex,4,6,33,0,stage4,67
100,subj15,I consent,22,Female,Complex,4,6,33,0,stage5,37
100,subj15,I consent,22,Female,Complex,4,6,33,0,stage6,66
100,subj15,I consent,22,Female,Complex,4,6,33,0,stage7,31
100,subj16,I consent,18,Female,Simple,10,9,45,0,stage1,55
100,subj16,I consent,18,Female,Simple,10,9,45,0,stage2,73
100,subj16,I consent,18,Female,Simple,10,9,45,0,stage3,80
100,subj16,I consent,18,Female,Simple,10,9,45,0,stage4,82
100,subj16,I consent,18,Female,Simple,10,9,45,0,stage5,43
100,subj16,I consent,18,Female,Simple,10,9,45,0,stage6,33
100,subj16,I consent,18,Female,Simple,10,9,45,0,stage7,32
100,subj17,I consent,18,Female,Simple,11,8,31,3,stage1,44
100,subj17,I consent,18,Female,Simple,11,8,31,3,stage2,96
100,subj17,I consent,18,Female,Simple,11,8,31,3,stage3,90
100,subj17,I consent,18,Female,Simple,11,8,31,3,stage4,100
100,subj17,I consent,18,Female,Simple,11,8,31,3,stage5,19
100,subj17,I consent,18,Female,Simple,11,8,31,3,stage6,17
100,subj17,I consent,18,Female,Simple,11,8,31,3,stage7,0
100,subj18,I consent,21,Female,Complex,10,7,42,0,stage1,81
100,subj18,I consent,21,Female,Complex,10,7,42,0,stage2,85
100,subj18,I consent,21,Female,Complex,10,7,42,0,stage3,73
100,subj18,I consent,21,Female,Complex,10,7,42,0,stage4,91
100,subj18,I consent,21,Female,Complex,10,7,42,0,stage5,40
100,subj18,I consent,21,Female,Complex,10,7,42,0,stage6,34
100,subj18,I consent,21,Female,Complex,10,7,42,0,stage7,33
100,subj19,I consent,53,Female,Complex,10,6,19,0,stage1,100
100,subj19,I consent,53,Female,Complex,10,6,19,0,stage2,100
100,subj19,I consent,53,Female,Complex,10,6,19,0,stage3,33
100,subj19,I consent,53,Female,Complex,10,6,19,0,stage4,55
100,subj19,I consent,53,Female,Complex,10,6,19,0,stage5,100
100,subj19,I consent,53,Female,Complex,10,6,19,0,stage6,65
100,subj19,I consent,53,Female,Complex,10,6,19,0,stage7,100
100,subj20,I consent,22,Female,Simple,6,11,31,0,stage1,55
100,subj20,I consent,22,Female,Simple,6,11,31,0,stage2,90
100,subj20,I consent,22,Female,Simple,6,11,31,0,stage3,100
100,subj20,I consent,22,Female,Simple,6,11,31,0,stage4,88
100,subj20,I consent,22,Female,Simple,6,11,31,0,stage5,89
100,subj20,I consent,22,Female,Simple,6,11,31,0,stage6,87
100,subj20,I consent,22,Female,Simple,6,11,31,0,stage7,11
100,subj21,I consent,18,Female,Simple,10,8,48,0,stage1,65
100,subj21,I consent,18,Female,Simple,10,8,48,0,stage2,83
100,subj21,I consent,18,Female,Simple,10,8,48,0,stage3,86
100,subj21,I consent,18,Female,Simple,10,8,48,0,stage4,92
100,subj21,I consent,18,Female,Simple,10,8,48,0,stage5,78
100,subj21,I consent,18,Female,Simple,10,8,48,0,stage6,60
100,subj21,I consent,18,Female,Simple,10,8,48,0,stage7,40
100,subj22,I consent,19,Female,Complex,10,8,45,2,stage1,87
100,subj22,I consent,19,Female,Complex,10,8,45,2,stage2,62
100,subj22,I consent,19,Female,Complex,10,8,45,2,stage3,76
100,subj22,I consent,19,Female,Complex,10,8,45,2,stage4,70
100,subj22,I consent,19,Female,Complex,10,8,45,2,stage5,66
100,subj22,I consent,19,Female,Complex,10,8,45,2,stage6,45
100,subj22,I consent,19,Female,Complex,10,8,45,2,stage7,37
100,subj23,I consent,18,Female,Complex,0,8,30,0,stage1,58
100,subj23,I consent,18,Female,Complex,0,8,30,0,stage2,54
100,subj23,I consent,18,Female,Complex,0,8,30,0,stage3,44
100,subj23,I consent,18,Female,Complex,0,8,30,0,stage4,30
100,subj23,I consent,18,Female,Complex,0,8,30,0,stage5,57
100,subj23,I consent,18,Female,Complex,0,8,30,0,stage6,35
100,subj23,I consent,18,Female,Complex,0,8,30,0,stage7,70
100,subj24,I consent,18,Female,Simple,11,8,42,2,stage1,70
100,subj24,I consent,18,Female,Simple,11,8,42,2,stage2,60
100,subj24,I consent,18,Female,Simple,11,8,42,2,stage3,78
100,subj24,I consent,18,Female,Simple,11,8,42,2,stage4,75
100,subj24,I consent,18,Female,Simple,11,8,42,2,stage5,40
100,subj24,I consent,18,Female,Simple,11,8,42,2,stage6,43
100,subj24,I consent,18,Female,Simple,11,8,42,2,stage7,32
100,subj25,I consent,37,Female,Complex,10,9,26,1,stage1,60
100,subj25,I consent,37,Female,Complex,10,9,26,1,stage2,41
100,subj25,I consent,37,Female,Complex,10,9,26,1,stage3,60
100,subj25,I consent,37,Female,Complex,10,9,26,1,stage4,61
100,subj25,I consent,37,Female,Complex,10,9,26,1,stage5,30
100,subj25,I consent,37,Female,Complex,10,9,26,1,stage6,43
100,subj25,I consent,37,Female,Complex,10,9,26,1,stage7,13
100,subj26,I consent,19,Female,Simple,9,9,33,0,stage1,91
100,subj26,I consent,19,Female,Simple,9,9,33,0,stage2,26
100,subj26,I consent,19,Female,Simple,9,9,33,0,stage3,72
100,subj26,I consent,19,Female,Simple,9,9,33,0,stage4,94
100,subj26,I consent,19,Female,Simple,9,9,33,0,stage5,38
100,subj26,I consent,19,Female,Simple,9,9,33,0,stage6,38
100,subj26,I consent,19,Female,Simple,9,9,33,0,stage7,39
100,subj27,I consent,23,Female,Complex,7,7,32,0,stage1,89
100,subj27,I consent,23,Female,Complex,7,7,32,0,stage2,51
100,subj27,I consent,23,Female,Complex,7,7,32,0,stage3,90
100,subj27,I consent,23,Female,Complex,7,7,32,0,stage4,73
100,subj27,I consent,23,Female,Complex,7,7,32,0,stage5,82
100,subj27,I consent,23,Female,Complex,7,7,32,0,stage6,64
100,subj27,I consent,23,Female,Complex,7,7,32,0,stage7,75
100,subj28,I consent,19,Female,Simple,11,9,36,1,stage1,15
100,subj28,I consent,19,Female,Simple,11,9,36,1,stage2,76
100,subj28,I consent,19,Female,Simple,11,9,36,1,stage3,88
100,subj28,I consent,19,Female,Simple,11,9,36,1,stage4,93
100,subj28,I consent,19,Female,Simple,11,9,36,1,stage5,35
100,subj28,I consent,19,Female,Simple,11,9,36,1,stage6,30
100,subj28,I consent,19,Female,Simple,11,9,36,1,stage7,35
100,subj29,I consent,19,Female,Simple,10,8,39,1,stage1,81
100,subj29,I consent,19,Female,Simple,10,8,39,1,stage2,76
100,subj29,I consent,19,Female,Simple,10,8,39,1,stage3,77
100,subj29,I consent,19,Female,Simple,10,8,39,1,stage4,88
100,subj29,I consent,19,Female,Simple,10,8,39,1,stage5,83
100,subj29,I consent,19,Female,Simple,10,8,39,1,stage6,24
100,subj29,I consent,19,Female,Simple,10,8,39,1,stage7,20
100,subj30,I consent,30,Male,Complex,9,9,43,2,stage1,76
100,subj30,I consent,30,Male,Complex,9,9,43,2,stage2,76
100,subj30,I consent,30,Male,Complex,9,9,43,2,stage3,77
100,subj30,I consent,30,Male,Complex,9,9,43,2,stage4,81
100,subj30,I consent,30,Male,Complex,9,9,43,2,stage5,79
100,subj30,I consent,30,Male,Complex,9,9,43,2,stage6,51
100,subj30,I consent,30,Male,Complex,9,9,43,2,stage7,50
100,subj31,I consent,20,Female,Simple,3,7,29,0,stage1,51
100,subj31,I consent,20,Female,Simple,3,7,29,0,stage2,62
100,subj31,I consent,20,Female,Simple,3,7,29,0,stage3,61
100,subj31,I consent,20,Female,Simple,3,7,29,0,stage4,69
100,subj31,I consent,20,Female,Simple,3,7,29,0,stage5,72
100,subj31,I consent,20,Female,Simple,3,7,29,0,stage6,54
100,subj31,I consent,20,Female,Simple,3,7,29,0,stage7,64
100,subj32,I consent,19,Female,Simple,7,9,44,0,stage1,21
100,subj32,I consent,19,Female,Simple,7,9,44,0,stage2,77
100,subj32,I consent,19,Female,Simple,7,9,44,0,stage3,83
100,subj32,I consent,19,Female,Simple,7,9,44,0,stage4,88
100,subj32,I consent,19,Female,Simple,7,9,44,0,stage5,36
100,subj32,I consent,19,Female,Simple,7,9,44,0,stage6,66
100,subj32,I consent,19,Female,Simple,7,9,44,0,stage7,54
100,subj33,I consent,19,Female,Complex,7,8,34,0,stage1,62
100,subj33,I consent,19,Female,Complex,7,8,34,0,stage2,71
100,subj33,I consent,19,Female,Complex,7,8,34,0,stage3,75
100,subj33,I consent,19,Female,Complex,7,8,34,0,stage4,63
100,subj33,I consent,19,Female,Complex,7,8,34,0,stage5,77
100,subj33,I consent,19,Female,Complex,7,8,34,0,stage6,45
100,subj33,I consent,19,Female,Complex,7,8,34,0,stage7,29
100,subj34,I consent,18,Male,Complex,11,11,30,3,stage1,71
100,subj34,I consent,18,Male,Complex,11,11,30,3,stage2,84
100,subj34,I consent,18,Male,Complex,11,11,30,3,stage3,89
100,subj34,I consent,18,Male,Complex,11,11,30,3,stage4,64
100,subj34,I consent,18,Male,Complex,11,11,30,3,stage5,81
100,subj34,I consent,18,Male,Complex,11,11,30,3,stage6,72
100,subj34,I consent,18,Male,Complex,11,11,30,3,stage7,66
100,subj35,I consent,30,Female,Simple,10,8,42,0,stage1,50
100,subj35,I consent,30,Female,Simple,10,8,42,0,stage2,50
100,subj35,I consent,30,Female,Simple,10,8,42,0,stage3,60
100,subj35,I consent,30,Female,Simple,10,8,42,0,stage4,67
100,subj35,I consent,30,Female,Simple,10,8,42,0,stage5,30
100,subj35,I consent,30,Female,Simple,10,8,42,0,stage6,19
100,subj35,I consent,30,Female,Simple,10,8,42,0,stage7,19
100,subj36,I consent,18,Female,Complex,11,8,48,0,stage1,25
100,subj36,I consent,18,Female,Complex,11,8,48,0,stage2,32
100,subj36,I consent,18,Female,Complex,11,8,48,0,stage3,65
100,subj36,I consent,18,Female,Complex,11,8,48,0,stage4,81
100,subj36,I consent,18,Female,Complex,11,8,48,0,stage5,78
100,subj36,I consent,18,Female,Complex,11,8,48,0,stage6,75
100,subj36,I consent,18,Female,Complex,11,8,48,0,stage7,70
100,subj37,I consent,18,Female,Simple,8,12,34,1,stage1,58
100,subj37,I consent,18,Female,Simple,8,12,34,1,stage2,60
100,subj37,I consent,18,Female,Simple,8,12,34,1,stage3,60
100,subj37,I consent,18,Female,Simple,8,12,34,1,stage4,88
100,subj37,I consent,18,Female,Simple,8,12,34,1,stage5,75
100,subj37,I consent,18,Female,Simple,8,12,34,1,stage6,64
100,subj37,I consent,18,Female,Simple,8,12,34,1,stage7,42
100,subj38,I consent,18,Male,Simple,9,11,42,0,stage1,77
100,subj38,I consent,18,Male,Simple,9,11,42,0,stage2,50
100,subj38,I consent,18,Male,Simple,9,11,42,0,stage3,80
100,subj38,I consent,18,Male,Simple,9,11,42,0,stage4,95
100,subj38,I consent,18,Male,Simple,9,11,42,0,stage5,71
100,subj38,I consent,18,Male,Simple,9,11,42,0,stage6,55
100,subj38,I consent,18,Male,Simple,9,11,42,0,stage7,40
100,subj39,I consent,29,Female,Complex,6,8,30,0,stage1,1
100,subj39,I consent,29,Female,Complex,6,8,30,0,stage2,20
100,subj39,I consent,29,Female,Complex,6,8,30,0,stage3,60
100,subj39,I consent,29,Female,Complex,6,8,30,0,stage4,60
100,subj39,I consent,29,Female,Complex,6,8,30,0,stage5,70
100,subj39,I consent,29,Female,Complex,6,8,30,0,stage6,59
100,subj39,I consent,29,Female,Complex,6,8,30,0,stage7,55
100,subj40,I consent,22,Female,Complex,10,7,48,1,stage1,80
100,subj40,I consent,22,Female,Complex,10,7,48,1,stage2,81
100,subj40,I consent,22,Female,Complex,10,7,48,1,stage3,54
100,subj40,I consent,22,Female,Complex,10,7,48,1,stage4,64
100,subj40,I consent,22,Female,Complex,10,7,48,1,stage5,90
100,subj40,I consent,22,Female,Complex,10,7,48,1,stage6,80
100,subj40,I consent,22,Female,Complex,10,7,48,1,stage7,70
100,subj41,I consent,28,Female,Simple,10,11,36,0,stage1,51
100,subj41,I consent,28,Female,Simple,10,11,36,0,stage2,64
100,subj41,I consent,28,Female,Simple,10,11,36,0,stage3,64
100,subj41,I consent,28,Female,Simple,10,11,36,0,stage4,74
100,subj41,I consent,28,Female,Simple,10,11,36,0,stage5,39
100,subj41,I consent,28,Female,Simple,10,11,36,0,stage6,32
100,subj41,I consent,28,Female,Simple,10,11,36,0,stage7,21
100,subj42,I consent,20,Female,Complex,6,9,32,0,stage1,100
100,subj42,I consent,20,Female,Complex,6,9,32,0,stage2,29
100,subj42,I consent,20,Female,Complex,6,9,32,0,stage3,81
100,subj42,I consent,20,Female,Complex,6,9,32,0,stage4,55
100,subj42,I consent,20,Female,Complex,6,9,32,0,stage5,46
100,subj42,I consent,20,Female,Complex,6,9,32,0,stage6,63
100,subj42,I consent,20,Female,Complex,6,9,32,0,stage7,44
100,subj43,I consent,19,Female,Simple,11,11,40,2,stage1,76
100,subj43,I consent,19,Female,Simple,11,11,40,2,stage2,85
100,subj43,I consent,19,Female,Simple,11,11,40,2,stage3,85
100,subj43,I consent,19,Female,Simple,11,11,40,2,stage4,90
100,subj43,I consent,19,Female,Simple,11,11,40,2,stage5,12
100,subj43,I consent,19,Female,Simple,11,11,40,2,stage6,11
100,subj43,I consent,19,Female,Simple,11,11,40,2,stage7,8
100,subj44,I consent,39,Female,Complex,5,7,34,0,stage1,92
100,subj44,I consent,39,Female,Complex,5,7,34,0,stage2,54
100,subj44,I consent,39,Female,Complex,5,7,34,0,stage3,61
100,subj44,I consent,39,Female,Complex,5,7,34,0,stage4,80
100,subj44,I consent,39,Female,Complex,5,7,34,0,stage5,61
100,subj44,I consent,39,Female,Complex,5,7,34,0,stage6,93
100,subj44,I consent,39,Female,Complex,5,7,34,0,stage7,40
100,subj45,I consent,19,Female,Simple,7,7,44,0,stage1,19
100,subj45,I consent,19,Female,Simple,7,7,44,0,stage2,100
100,subj45,I consent,19,Female,Simple,7,7,44,0,stage3,100
100,subj45,I consent,19,Female,Simple,7,7,44,0,stage4,100
100,subj45,I consent,19,Female,Simple,7,7,44,0,stage5,30
100,subj45,I consent,19,Female,Simple,7,7,44,0,stage6,15
100,subj45,I consent,19,Female,Simple,7,7,44,0,stage7,10
100,subj46,I consent,20,Male,Simple,9,10,34,0,stage1,45
100,subj46,I consent,20,Male,Simple,9,10,34,0,stage2,80
100,subj46,I consent,20,Male,Simple,9,10,34,0,stage3,70
100,subj46,I consent,20,Male,Simple,9,10,34,0,stage4,90
100,subj46,I consent,20,Male,Simple,9,10,34,0,stage5,80
100,subj46,I consent,20,Male,Simple,9,10,34,0,stage6,40
100,subj46,I consent,20,Male,Simple,9,10,34,0,stage7,30
100,subj47,I consent,18,Female,Complex,9,9,39,0,stage1,72
100,subj47,I consent,18,Female,Complex,9,9,39,0,stage2,82
100,subj47,I consent,18,Female,Complex,9,9,39,0,stage3,64
100,subj47,I consent,18,Female,Complex,9,9,39,0,stage4,66
100,subj47,I consent,18,Female,Complex,9,9,39,0,stage5,30
100,subj47,I consent,18,Female,Complex,9,9,39,0,stage6,44
100,subj47,I consent,18,Female,Complex,9,9,39,0,stage7,25
100,subj48,I consent,18,Female,Simple,8,6,39,1,stage1,53
100,subj48,I consent,18,Female,Simple,8,6,39,1,stage2,80
100,subj48,I consent,18,Female,Simple,8,6,39,1,stage3,98
100,subj48,I consent,18,Female,Simple,8,6,39,1,stage4,100
100,subj48,I consent,18,Female,Simple,8,6,39,1,stage5,91
100,subj48,I consent,18,Female,Simple,8,6,39,1,stage6,80
100,subj48,I consent,18,Female,Simple,8,6,39,1,stage7,12
100,subj49,I consent,18,Female,Complex,6,8,30,0,stage1,10
100,subj49,I consent,18,Female,Complex,6,8,30,0,stage2,70
100,subj49,I consent,18,Female,Complex,6,8,30,0,stage3,86
100,subj49,I consent,18,Female,Complex,6,8,30,0,stage4,70
100,subj49,I consent,18,Female,Complex,6,8,30,0,stage5,40
100,subj49,I consent,18,Female,Complex,6,8,30,0,stage6,60
100,subj49,I consent,18,Female,Complex,6,8,30,0,stage7,70
100,subj50,I consent,21,Female,Simple,8,8,45,0,stage1,55
100,subj50,I consent,21,Female,Simple,8,8,45,0,stage2,85
100,subj50,I consent,21,Female,Simple,8,8,45,0,stage3,91
100,subj50,I consent,21,Female,Simple,8,8,45,0,stage4,100
100,subj50,I consent,21,Female,Simple,8,8,45,0,stage5,98
100,subj50,I consent,21,Female,Simple,8,8,45,0,stage6,54
100,subj50,I consent,21,Female,Simple,8,8,45,0,stage7,21
100,subj51,I consent,18,Female,Complex,10,6,36,0,stage1,67
100,subj51,I consent,18,Female,Complex,10,6,36,0,stage2,47
100,subj51,I consent,18,Female,Complex,10,6,36,0,stage3,45
100,subj51,I consent,18,Female,Complex,10,6,36,0,stage4,69
100,subj51,I consent,18,Female,Complex,10,6,36,0,stage5,35
100,subj51,I consent,18,Female,Complex,10,6,36,0,stage6,51
100,subj51,I consent,18,Female,Complex,10,6,36,0,stage7,66
100,subj52,I consent,18,Female,Simple,7,8,27,0,stage1,80
100,subj52,I consent,18,Female,Simple,7,8,27,0,stage2,6
100,subj52,I consent,18,Female,Simple,7,8,27,0,stage3,69
100,subj52,I consent,18,Female,Simple,7,8,27,0,stage4,90
100,subj52,I consent,18,Female,Simple,7,8,27,0,stage5,85
100,subj52,I consent,18,Female,Simple,7,8,27,0,stage6,85
100,subj52,I consent,18,Female,Simple,7,8,27,0,stage7,20
100,subj53,I consent,19,Female,Complex,11,8,42,3,stage1,75
100,subj53,I consent,19,Female,Complex,11,8,42,3,stage2,84
100,subj53,I consent,19,Female,Complex,11,8,42,3,stage3,94
100,subj53,I consent,19,Female,Complex,11,8,42,3,stage4,65
100,subj53,I consent,19,Female,Complex,11,8,42,3,stage5,85
100,subj53,I consent,19,Female,Complex,11,8,42,3,stage6,80
100,subj53,I consent,19,Female,Complex,11,8,42,3,stage7,77
100,subj54,I consent,19,Male,Complex,11,9,43,2,stage1,50
100,subj54,I consent,19,Male,Complex,11,9,43,2,stage2,56
100,subj54,I consent,19,Male,Complex,11,9,43,2,stage3,66
100,subj54,I consent,19,Male,Complex,11,9,43,2,stage4,78
100,subj54,I consent,19,Male,Complex,11,9,43,2,stage5,67
100,subj54,I consent,19,Male,Complex,11,9,43,2,stage6,74
100,subj54,I consent,19,Male,Complex,11,9,43,2,stage7,55
100,subj55,I consent,19,Male,Simple,11,8,45,3,stage1,66
100,subj55,I consent,19,Male,Simple,11,8,45,3,stage2,80
100,subj55,I consent,19,Male,Simple,11,8,45,3,stage3,85
100,subj55,I consent,19,Male,Simple,11,8,45,3,stage4,90
100,subj55,I consent,19,Male,Simple,11,8,45,3,stage5,95
100,subj55,I consent,19,Male,Simple,11,8,45,3,stage6,62
100,subj55,I consent,19,Male,Simple,11,8,45,3,stage7,100
100,subj56,I consent,20,Female,Simple,8,10,41,0,stage1,20
100,subj56,I consent,20,Female,Simple,8,10,41,0,stage2,66
100,subj56,I consent,20,Female,Simple,8,10,41,0,stage3,67
100,subj56,I consent,20,Female,Simple,8,10,41,0,stage4,85
100,subj56,I consent,20,Female,Simple,8,10,41,0,stage5,23
100,subj56,I consent,20,Female,Simple,8,10,41,0,stage6,24
100,subj56,I consent,20,Female,Simple,8,10,41,0,stage7,59
100,subj57,I consent,18,Female,Complex,7,6,38,1,stage1,30
100,subj57,I consent,18,Female,Complex,7,6,38,1,stage2,40
100,subj57,I consent,18,Female,Complex,7,6,38,1,stage3,70
100,subj57,I consent,18,Female,Complex,7,6,38,1,stage4,70
100,subj57,I consent,18,Female,Complex,7,6,38,1,stage5,65
100,subj57,I consent,18,Female,Complex,7,6,38,1,stage6,60
100,subj57,I consent,18,Female,Complex,7,6,38,1,stage7,55
100,subj58,I consent,18,Female,Complex,9,11,35,1,stage1,40
100,subj58,I consent,18,Female,Complex,9,11,35,1,stage2,73
100,subj58,I consent,18,Female,Complex,9,11,35,1,stage3,90
100,subj58,I consent,18,Female,Complex,9,11,35,1,stage4,98
100,subj58,I consent,18,Female,Complex,9,11,35,1,stage5,88
100,subj58,I consent,18,Female,Complex,9,11,35,1,stage6,76
100,subj58,I consent,18,Female,Complex,9,11,35,1,stage7,57
100,subj59,I consent,16,Female,Complex,9,5,39,1,stage1,75
100,subj59,I consent,16,Female,Complex,9,5,39,1,stage2,90
100,subj59,I consent,16,Female,Complex,9,5,39,1,stage3,100
100,subj59,I consent,16,Female,Complex,9,5,39,1,stage4,100
100,subj59,I consent,16,Female,Complex,9,5,39,1,stage5,35
100,subj59,I consent,16,Female,Complex,9,5,39,1,stage6,25
100,subj59,I consent,16,Female,Complex,9,5,39,1,stage7,15
100,subj60,I consent,18,Female,Simple,9,5,39,0,stage1,61
100,subj60,I consent,18,Female,Simple,9,5,39,0,stage2,66
100,subj60,I consent,18,Female,Simple,9,5,39,0,stage3,70
100,subj60,I consent,18,Female,Simple,9,5,39,0,stage4,98
100,subj60,I consent,18,Female,Simple,9,5,39,0,stage5,20
100,subj60,I consent,18,Female,Simple,9,5,39,0,stage6,32
100,subj60,I consent,18,Female,Simple,9,5,39,0,stage7,29
100,subj61,I consent,20,Female,Simple,11,8,33,0,stage1,40
100,subj61,I consent,20,Female,Simple,11,8,33,0,stage2,85
100,subj61,I consent,20,Female,Simple,11,8,33,0,stage3,100
100,subj61,I consent,20,Female,Simple,11,8,33,0,stage4,100
100,subj61,I consent,20,Female,Simple,11,8,33,0,stage5,0
100,subj61,I consent,20,Female,Simple,11,8,33,0,stage6,0
100,subj61,I consent,20,Female,Simple,11,8,33,0,stage7,0
100,subj62,I consent,19,Female,Complex,10,7,43,0,stage1,30
100,subj62,I consent,19,Female,Complex,10,7,43,0,stage2,77
100,subj62,I consent,19,Female,Complex,10,7,43,0,stage3,100
100,subj62,I consent,19,Female,Complex,10,7,43,0,stage4,66
100,subj62,I consent,19,Female,Complex,10,7,43,0,stage5,91
100,subj62,I consent,19,Female,Complex,10,7,43,0,stage6,50
100,subj62,I consent,19,Female,Complex,10,7,43,0,stage7,56
100,subj64,I consent,19,Female,Simple,9,8,25,0,stage1,61
100,subj64,I consent,19,Female,Simple,9,8,25,0,stage2,64
100,subj64,I consent,19,Female,Simple,9,8,25,0,stage3,78
100,subj64,I consent,19,Female,Simple,9,8,25,0,stage4,89
100,subj64,I consent,19,Female,Simple,9,8,25,0,stage5,60
100,subj64,I consent,19,Female,Simple,9,8,25,0,stage6,61
100,subj64,I consent,19,Female,Simple,9,8,25,0,stage7,59
100,subj65,I consent,20,Female,Complex,10,6,46,0,stage1,80
100,subj65,I consent,20,Female,Complex,10,6,46,0,stage2,81
100,subj65,I consent,20,Female,Complex,10,6,46,0,stage3,100
100,subj65,I consent,20,Female,Complex,10,6,46,0,stage4,77
100,subj65,I consent,20,Female,Complex,10,6,46,0,stage5,40
100,subj65,I consent,20,Female,Complex,10,6,46,0,stage6,45
100,subj65,I consent,20,Female,Complex,10,6,46,0,stage7,35
100,subj66,I consent,18,Female,Simple,10,7,42,0,stage1,76
100,subj66,I consent,18,Female,Simple,10,7,42,0,stage2,73
100,subj66,I consent,18,Female,Simple,10,7,42,0,stage3,84
100,subj66,I consent,18,Female,Simple,10,7,42,0,stage4,95
100,subj66,I consent,18,Female,Simple,10,7,42,0,stage5,100
100,subj66,I consent,18,Female,Simple,10,7,42,0,stage6,57
100,subj66,I consent,18,Female,Simple,10,7,42,0,stage7,43
100,subj67,I consent,21,Female,Simple,7,10,34,0,stage1,56
100,subj67,I consent,21,Female,Simple,7,10,34,0,stage2,92
100,subj67,I consent,21,Female,Simple,7,10,34,0,stage3,100
100,subj67,I consent,21,Female,Simple,7,10,34,0,stage4,100
100,subj67,I consent,21,Female,Simple,7,10,34,0,stage5,86
100,subj67,I consent,21,Female,Simple,7,10,34,0,stage6,76
100,subj67,I consent,21,Female,Simple,7,10,34,0,stage7,67
100,subj68,I consent,24,Female,Complex,2,5,28,0,stage1,83
100,subj68,I consent,24,Female,Complex,2,5,28,0,stage2,87
100,subj68,I consent,24,Female,Complex,2,5,28,0,stage3,84
100,subj68,I consent,24,Female,Complex,2,5,28,0,stage4,81
100,subj68,I consent,24,Female,Complex,2,5,28,0,stage5,78
100,subj68,I consent,24,Female,Complex,2,5,28,0,stage6,83
100,subj68,I consent,24,Female,Complex,2,5,28,0,stage7,85
100,subj69,I consent,18,Female,Simple,7,9,45,0,stage1,50
100,subj69,I consent,18,Female,Simple,7,9,45,0,stage2,65
100,subj69,I consent,18,Female,Simple,7,9,45,0,stage3,76
100,subj69,I consent,18,Female,Simple,7,9,45,0,stage4,80
100,subj69,I consent,18,Female,Simple,7,9,45,0,stage5,77
100,subj69,I consent,18,Female,Simple,7,9,45,0,stage6,56
100,subj69,I consent,18,Female,Simple,7,9,45,0,stage7,76
100,subj70,I consent,19,Male,Complex,10,9,41,1,stage1,5
100,subj70,I consent,19,Male,Complex,10,9,41,1,stage2,30
100,subj70,I consent,19,Male,Complex,10,9,41,1,stage3,100
100,subj70,I consent,19,Male,Complex,10,9,41,1,stage4,90
100,subj70,I consent,19,Male,Complex,10,9,41,1,stage5,51
100,subj70,I consent,19,Male,Complex,10,9,41,1,stage6,30
100,subj70,I consent,19,Male,Complex,10,9,41,1,stage7,20
100,subj71,I consent,19,Male,Simple,11,10,48,2,stage1,65
100,subj71,I consent,19,Male,Simple,11,10,48,2,stage2,65
100,subj71,I consent,19,Male,Simple,11,10,48,2,stage3,75
100,subj71,I consent,19,Male,Simple,11,10,48,2,stage4,85
100,subj71,I consent,19,Male,Simple,11,10,48,2,stage5,60
100,subj71,I consent,19,Male,Simple,11,10,48,2,stage6,35
100,subj71,I consent,19,Male,Simple,11,10,48,2,stage7,30
100,subj72,I consent,19,Male,Complex,11,6,35,0,stage1,80
100,subj72,I consent,19,Male,Complex,11,6,35,0,stage2,90
100,subj72,I consent,19,Male,Complex,11,6,35,0,stage3,100
100,subj72,I consent,19,Male,Complex,11,6,35,0,stage4,73
100,subj72,I consent,19,Male,Complex,11,6,35,0,stage5,100
100,subj72,I consent,19,Male,Complex,11,6,35,0,stage6,91
100,subj72,I consent,19,Male,Complex,11,6,35,0,stage7,23
100,subj73,I consent,20,Female,Simple,10,11,42,2,stage1,71
100,subj73,I consent,20,Female,Simple,10,11,42,2,stage2,55
100,subj73,I consent,20,Female,Simple,10,11,42,2,stage3,79
100,subj73,I consent,20,Female,Simple,10,11,42,2,stage4,87
100,subj73,I consent,20,Female,Simple,10,11,42,2,stage5,51
100,subj73,I consent,20,Female,Simple,10,11,42,2,stage6,9
100,subj73,I consent,20,Female,Simple,10,11,42,2,stage7,33
100,subj74,I consent,23,Male,Simple,9,9,32,0,stage1,65
100,subj74,I consent,23,Male,Simple,9,9,32,0,stage2,92
100,subj74,I consent,23,Male,Simple,9,9,32,0,stage3,91
100,subj74,I consent,23,Male,Simple,9,9,32,0,stage4,100
100,subj74,I consent,23,Male,Simple,9,9,32,0,stage5,62
100,subj74,I consent,23,Male,Simple,9,9,32,0,stage6,24
100,subj74,I consent,23,Male,Simple,9,9,32,0,stage7,10
100,subj75,I consent,19,Male,Complex,10,11,31,1,stage1,19
100,subj75,I consent,19,Male,Complex,10,11,31,1,stage2,80
100,subj75,I consent,19,Male,Complex,10,11,31,1,stage3,28
100,subj75,I consent,19,Male,Complex,10,11,31,1,stage4,72
100,subj75,I consent,19,Male,Complex,10,11,31,1,stage5,74
100,subj75,I consent,19,Male,Complex,10,11,31,1,stage6,71
100,subj75,I consent,19,Male,Complex,10,11,31,1,stage7,72
100,subj76,I consent,19,Female,Complex,10,10,36,0,stage1,67
100,subj76,I consent,19,Female,Complex,10,10,36,0,stage2,71
100,subj76,I consent,19,Female,Complex,10,10,36,0,stage3,72
100,subj76,I consent,19,Female,Complex,10,10,36,0,stage4,77
100,subj76,I consent,19,Female,Complex,10,10,36,0,stage5,78
100,subj76,I consent,19,Female,Complex,10,10,36,0,stage6,81
100,subj76,I consent,19,Female,Complex,10,10,36,0,stage7,69
100,subj77,I consent,18,Male,Simple,11,8,40,2,stage1,80
100,subj77,I consent,18,Male,Simple,11,8,40,2,stage2,66
100,subj77,I consent,18,Male,Simple,11,8,40,2,stage3,100
100,subj77,I consent,18,Male,Simple,11,8,40,2,stage4,79
100,subj77,I consent,18,Male,Simple,11,8,40,2,stage5,68
100,subj77,I consent,18,Male,Simple,11,8,40,2,stage6,90
100,subj77,I consent,18,Male,Simple,11,8,40,2,stage7,35
100,subj78,I consent,20,Female,Simple,7,11,41,0,stage1,43
100,subj78,I consent,20,Female,Simple,7,11,41,0,stage2,91
100,subj78,I consent,20,Female,Simple,7,11,41,0,stage3,81
100,subj78,I consent,20,Female,Simple,7,11,41,0,stage4,92
100,subj78,I consent,20,Female,Simple,7,11,41,0,stage5,40
100,subj78,I consent,20,Female,Simple,7,11,41,0,stage6,40
100,subj78,I consent,20,Female,Simple,7,11,41,0,stage7,39
100,subj79,I consent,19,Female,Simple,5,8,23,2,stage1,53
100,subj79,I consent,19,Female,Simple,5,8,23,2,stage2,99
100,subj79,I consent,19,Female,Simple,5,8,23,2,stage3,58
100,subj79,I consent,19,Female,Simple,5,8,23,2,stage4,99
100,subj79,I consent,19,Female,Simple,5,8,23,2,stage5,10
100,subj79,I consent,19,Female,Simple,5,8,23,2,stage6,83
100,subj79,I consent,19,Female,Simple,5,8,23,2,stage7,24
100,subj80,I consent,18,Female,Complex,9,7,33,0,stage1,0
100,subj80,I consent,18,Female,Complex,9,7,33,0,stage2,51
100,subj80,I consent,18,Female,Complex,9,7,33,0,stage3,51
100,subj80,I consent,18,Female,Complex,9,7,33,0,stage4,51
100,subj80,I consent,18,Female,Complex,9,7,33,0,stage5,48
100,subj80,I consent,18,Female,Complex,9,7,33,0,stage6,53
100,subj80,I consent,18,Female,Complex,9,7,33,0,stage7,91
100,subj81,I consent,20,Female,Complex,11,11,33,3,stage1,80
100,subj81,I consent,20,Female,Complex,11,11,33,3,stage2,90
100,subj81,I consent,20,Female,Complex,11,11,33,3,stage3,100
100,subj81,I consent,20,Female,Complex,11,11,33,3,stage4,53
100,subj81,I consent,20,Female,Complex,11,11,33,3,stage5,60
100,subj81,I consent,20,Female,Complex,11,11,33,3,stage6,50
100,subj81,I consent,20,Female,Complex,11,11,33,3,stage7,40
100,subj82,I consent,33,Male,Complex,11,12,48,3,stage1,80
100,subj82,I consent,33,Male,Complex,11,12,48,3,stage2,75
100,subj82,I consent,33,Male,Complex,11,12,48,3,stage3,62
100,subj82,I consent,33,Male,Complex,11,12,48,3,stage4,65
100,subj82,I consent,33,Male,Complex,11,12,48,3,stage5,55
100,subj82,I consent,33,Male,Complex,11,12,48,3,stage6,55
100,subj82,I consent,33,Male,Complex,11,12,48,3,stage7,50
100,subj83,I consent,18,Female,Simple,8,8,43,0,stage1,70
100,subj83,I consent,18,Female,Simple,8,8,43,0,stage2,80
100,subj83,I consent,18,Female,Simple,8,8,43,0,stage3,91
100,subj83,I consent,18,Female,Simple,8,8,43,0,stage4,100
100,subj83,I consent,18,Female,Simple,8,8,43,0,stage5,50
100,subj83,I consent,18,Female,Simple,8,8,43,0,stage6,30
100,subj83,I consent,18,Female,Simple,8,8,43,0,stage7,30
100,subj84,I consent,22,Female,Complex,9,8,41,2,stage1,80
100,subj84,I consent,22,Female,Complex,9,8,41,2,stage2,39
100,subj84,I consent,22,Female,Complex,9,8,41,2,stage3,29
100,subj84,I consent,22,Female,Complex,9,8,41,2,stage4,10
100,subj84,I consent,22,Female,Complex,9,8,41,2,stage5,40
100,subj84,I consent,22,Female,Complex,9,8,41,2,stage6,53
100,subj84,I consent,22,Female,Complex,9,8,41,2,stage7,75
100,subj85,I consent,23,Female,Simple,11,12,45,3,stage1,82
100,subj85,I consent,23,Female,Simple,11,12,45,3,stage2,92
100,subj85,I consent,23,Female,Simple,11,12,45,3,stage3,95
100,subj85,I consent,23,Female,Simple,11,12,45,3,stage4,99
100,subj85,I consent,23,Female,Simple,11,12,45,3,stage5,92
100,subj85,I consent,23,Female,Simple,11,12,45,3,stage6,81
100,subj85,I consent,23,Female,Simple,11,12,45,3,stage7,9
100,subj86,I consent,18,Female,Simple,10,8,48,2,stage1,10
100,subj86,I consent,18,Female,Simple,10,8,48,2,stage2,75
100,subj86,I consent,18,Female,Simple,10,8,48,2,stage3,98
100,subj86,I consent,18,Female,Simple,10,8,48,2,stage4,98
100,subj86,I consent,18,Female,Simple,10,8,48,2,stage5,80
100,subj86,I consent,18,Female,Simple,10,8,48,2,stage6,81
100,subj86,I consent,18,Female,Simple,10,8,48,2,stage7,21
100,subj87,I consent,45,Female,Simple,7,12,40,1,stage1,72
100,subj87,I consent,45,Female,Simple,7,12,40,1,stage2,71
100,subj87,I consent,45,Female,Simple,7,12,40,1,stage3,26
100,subj87,I consent,45,Female,Simple,7,12,40,1,stage4,99
100,subj87,I consent,45,Female,Simple,7,12,40,1,stage5,27
100,subj87,I consent,45,Female,Simple,7,12,40,1,stage6,33
100,subj87,I consent,45,Female,Simple,7,12,40,1,stage7,21
100,subj88,I consent,19,Female,Complex,2,6,31,0,stage1,54
100,subj88,I consent,19,Female,Complex,2,6,31,0,stage2,66
100,subj88,I consent,19,Female,Complex,2,6,31,0,stage3,63
100,subj88,I consent,19,Female,Complex,2,6,31,0,stage4,69
100,subj88,I consent,19,Female,Complex,2,6,31,0,stage5,71
100,subj88,I consent,19,Female,Complex,2,6,31,0,stage6,79
100,subj88,I consent,19,Female,Complex,2,6,31,0,stage7,61
100,subj89,I consent,18,Female,Simple,9,8,32,1,stage1,31
100,subj89,I consent,18,Female,Simple,9,8,32,1,stage2,20
100,subj89,I consent,18,Female,Simple,9,8,32,1,stage3,64
100,subj89,I consent,18,Female,Simple,9,8,32,1,stage4,77
100,subj89,I consent,18,Female,Simple,9,8,32,1,stage5,15
100,subj89,I consent,18,Female,Simple,9,8,32,1,stage6,22
100,subj89,I consent,18,Female,Simple,9,8,32,1,stage7,30
100,subj90,I consent,19,Male,Simple,8,8,37,2,stage1,81
100,subj90,I consent,19,Male,Simple,8,8,37,2,stage2,91
100,subj90,I consent,19,Male,Simple,8,8,37,2,stage3,81
100,subj90,I consent,19,Male,Simple,8,8,37,2,stage4,9
100,subj90,I consent,19,Male,Simple,8,8,37,2,stage5,71
100,subj90,I consent,19,Male,Simple,8,8,37,2,stage6,61
100,subj90,I consent,19,Male,Simple,8,8,37,2,stage7,30
100,subj91,I consent,18,Female,Complex,11,8,30,1,stage1,19
100,subj91,I consent,18,Female,Complex,11,8,30,1,stage2,24
100,subj91,I consent,18,Female,Complex,11,8,30,1,stage3,25
100,subj91,I consent,18,Female,Complex,11,8,30,1,stage4,38
100,subj91,I consent,18,Female,Complex,11,8,30,1,stage5,48
100,subj91,I consent,18,Female,Complex,11,8,30,1,stage6,46
100,subj91,I consent,18,Female,Complex,11,8,30,1,stage7,47
100,subj92,I consent,18,Female,Complex,10,8,40,3,stage1,97
100,subj92,I consent,18,Female,Complex,10,8,40,3,stage2,98
100,subj92,I consent,18,Female,Complex,10,8,40,3,stage3,98
100,subj92,I consent,18,Female,Complex,10,8,40,3,stage4,98
100,subj92,I consent,18,Female,Complex,10,8,40,3,stage5,80
100,subj92,I consent,18,Female,Complex,10,8,40,3,stage6,60
100,subj92,I consent,18,Female,Complex,10,8,40,3,stage7,40
100,subj93,I consent,33,Male,Simple,10,10,35,1,stage1,61
100,subj93,I consent,33,Male,Simple,10,10,35,1,stage2,60
100,subj93,I consent,33,Male,Simple,10,10,35,1,stage3,51
100,subj93,I consent,33,Male,Simple,10,10,35,1,stage4,79
100,subj93,I consent,33,Male,Simple,10,10,35,1,stage5,51
100,subj93,I consent,33,Male,Simple,10,10,35,1,stage6,51
100,subj93,I consent,33,Male,Simple,10,10,35,1,stage7,51
100,subj94,I consent,19,Female,Complex,8,10,37,1,stage1,91
100,subj94,I consent,19,Female,Complex,8,10,37,1,stage2,79
100,subj94,I consent,19,Female,Complex,8,10,37,1,stage3,100
100,subj94,I consent,19,Female,Complex,8,10,37,1,stage4,100
100,subj94,I consent,19,Female,Complex,8,10,37,1,stage5,29
100,subj94,I consent,19,Female,Complex,8,10,37,1,stage6,34
100,subj94,I consent,19,Female,Complex,8,10,37,1,stage7,20
100,subj95,I consent,18,Female,Simple,8,8,45,0,stage1,84
100,subj95,I consent,18,Female,Simple,8,8,45,0,stage2,84
100,subj95,I consent,18,Female,Simple,8,8,45,0,stage3,81
100,subj95,I consent,18,Female,Simple,8,8,45,0,stage4,90
100,subj95,I consent,18,Female,Simple,8,8,45,0,stage5,90
100,subj95,I consent,18,Female,Simple,8,8,45,0,stage6,90
100,subj95,I consent,18,Female,Simple,8,8,45,0,stage7,22
100,subj96,I consent,18,Male,Simple,10,9,33,1,stage1,30
100,subj96,I consent,18,Male,Simple,10,9,33,1,stage2,40
100,subj96,I consent,18,Male,Simple,10,9,33,1,stage3,81
100,subj96,I consent,18,Male,Simple,10,9,33,1,stage4,81
100,subj96,I consent,18,Male,Simple,10,9,33,1,stage5,81
100,subj96,I consent,18,Male,Simple,10,9,33,1,stage6,91
100,subj96,I consent,18,Male,Simple,10,9,33,1,stage7,12
100,subj97,I consent,19,Female,Complex,8,9,31,0,stage1,100
100,subj97,I consent,19,Female,Complex,8,9,31,0,stage2,71
100,subj97,I consent,19,Female,Complex,8,9,31,0,stage3,30
100,subj97,I consent,19,Female,Complex,8,9,31,0,stage4,28
100,subj97,I consent,19,Female,Complex,8,9,31,0,stage5,39
100,subj97,I consent,19,Female,Complex,8,9,31,0,stage6,30
100,subj97,I consent,19,Female,Complex,8,9,31,0,stage7,20
100,subj98,I consent,24,Female,Complex,10,11,39,0,stage1,80
100,subj98,I consent,24,Female,Complex,10,11,39,0,stage2,90
100,subj98,I consent,24,Female,Complex,10,11,39,0,stage3,100
100,subj98,I consent,24,Female,Complex,10,11,39,0,stage4,100
100,subj98,I consent,24,Female,Complex,10,11,39,0,stage5,80
100,subj98,I consent,24,Female,Complex,10,11,39,0,stage6,40
100,subj98,I consent,24,Female,Complex,10,11,39,0,stage7,25
100,subj99,I consent,29,Male,Complex,11,8,45,3,stage1,9
100,subj99,I consent,29,Male,Complex,11,8,45,3,stage2,72
100,subj99,I consent,29,Male,Complex,11,8,45,3,stage3,80
100,subj99,I consent,29,Male,Complex,11,8,45,3,stage4,91
100,subj99,I consent,29,Male,Complex,11,8,45,3,stage5,82
100,subj99,I consent,29,Male,Complex,11,8,45,3,stage6,82
100,subj99,I consent,29,Male,Complex,11,8,45,3,stage7,92
100,subj101,I consent,18,Male,Simple,8,8,48,1,stage1,95
100,subj101,I consent,18,Male,Simple,8,8,48,1,stage2,85
100,subj101,I consent,18,Male,Simple,8,8,48,1,stage3,90
100,subj101,I consent,18,Male,Simple,8,8,48,1,stage4,93
100,subj101,I consent,18,Male,Simple,8,8,48,1,stage5,93
100,subj101,I consent,18,Male,Simple,8,8,48,1,stage6,85
100,subj101,I consent,18,Male,Simple,8,8,48,1,stage7,11
100,subj102,I consent,19,Female,Complex,7,4,34,0,stage1,9
100,subj102,I consent,19,Female,Complex,7,4,34,0,stage2,45
100,subj102,I consent,19,Female,Complex,7,4,34,0,stage3,40
100,subj102,I consent,19,Female,Complex,7,4,34,0,stage4,60
100,subj102,I consent,19,Female,Complex,7,4,34,0,stage5,70
100,subj102,I consent,19,Female,Complex,7,4,34,0,stage6,30
100,subj102,I consent,19,Female,Complex,7,4,34,0,stage7,55
100,subj103,I consent,63,Female,Simple,11,10,39,2,stage1,66
100,subj103,I consent,63,Female,Simple,11,10,39,2,stage2,100
100,subj103,I consent,63,Female,Simple,11,10,39,2,stage3,100
100,subj103,I consent,63,Female,Simple,11,10,39,2,stage4,100
100,subj103,I consent,63,Female,Simple,11,10,39,2,stage5,97
100,subj103,I consent,63,Female,Simple,11,10,39,2,stage6,44
100,subj103,I consent,63,Female,Simple,11,10,39,2,stage7,0
100,subj104,I consent,18,Female,Complex,6,8,38,0,stage1,50
100,subj104,I consent,18,Female,Complex,6,8,38,0,stage2,10
100,subj104,I consent,18,Female,Complex,6,8,38,0,stage3,73
100,subj104,I consent,18,Female,Complex,6,8,38,0,stage4,81
100,subj104,I consent,18,Female,Complex,6,8,38,0,stage5,25
100,subj104,I consent,18,Female,Complex,6,8,38,0,stage6,37
100,subj104,I consent,18,Female,Complex,6,8,38,0,stage7,19
100,subj105,I consent,19,Female,Simple,9,8,40,0,stage1,80
100,subj105,I consent,19,Female,Simple,9,8,40,0,stage2,70
100,subj105,I consent,19,Female,Simple,9,8,40,0,stage3,60
100,subj105,I consent,19,Female,Simple,9,8,40,0,stage4,87
100,subj105,I consent,19,Female,Simple,9,8,40,0,stage5,50
100,subj105,I consent,19,Female,Simple,9,8,40,0,stage6,50
100,subj105,I consent,19,Female,Simple,9,8,40,0,stage7,45
100,subj106,I consent,19,Male,Complex,11,9,32,1,stage1,20
100,subj106,I consent,19,Male,Complex,11,9,32,1,stage2,60
100,subj106,I consent,19,Male,Complex,11,9,32,1,stage3,40
100,subj106,I consent,19,Male,Complex,11,9,32,1,stage4,65
100,subj106,I consent,19,Male,Complex,11,9,32,1,stage5,40
100,subj106,I consent,19,Male,Complex,11,9,32,1,stage6,37
100,subj106,I consent,19,Male,Complex,11,9,32,1,stage7,27
100,subj107,I consent,19,Female,Simple,10,8,38,0,stage1,70
100,subj107,I consent,19,Female,Simple,10,8,38,0,stage2,78
100,subj107,I consent,19,Female,Simple,10,8,38,0,stage3,81
100,subj107,I consent,19,Female,Simple,10,8,38,0,stage4,88
100,subj107,I consent,19,Female,Simple,10,8,38,0,stage5,80
100,subj107,I consent,19,Female,Simple,10,8,38,0,stage6,73
100,subj107,I consent,19,Female,Simple,10,8,38,0,stage7,21
100,subj108,I consent,23,Female,Complex,7,7,39,0,stage1,0
100,subj108,I consent,23,Female,Complex,7,7,39,0,stage2,11
100,subj108,I consent,23,Female,Complex,7,7,39,0,stage3,40
100,subj108,I consent,23,Female,Complex,7,7,39,0,stage4,71
100,subj108,I consent,23,Female,Complex,7,7,39,0,stage5,35
100,subj108,I consent,23,Female,Complex,7,7,39,0,stage6,71
100,subj108,I consent,23,Female,Complex,7,7,39,0,stage7,15
100,subj109,I consent,36,Male,Complex,11,9,48,2,stage1,10
100,subj109,I consent,36,Male,Complex,11,9,48,2,stage2,39
100,subj109,I consent,36,Male,Complex,11,9,48,2,stage3,82
100,subj109,I consent,36,Male,Complex,11,9,48,2,stage4,100
100,subj109,I consent,36,Male,Complex,11,9,48,2,stage5,100
100,subj109,I consent,36,Male,Complex,11,9,48,2,stage6,100
100,subj109,I consent,36,Male,Complex,11,9,48,2,stage7,77
100,subj111,I consent,19,Female,Simple,11,10,43,3,stage1,60
100,subj111,I consent,19,Female,Simple,11,10,43,3,stage2,65
100,subj111,I consent,19,Female,Simple,11,10,43,3,stage3,85
100,subj111,I consent,19,Female,Simple,11,10,43,3,stage4,95
100,subj111,I consent,19,Female,Simple,11,10,43,3,stage5,85
100,subj111,I consent,19,Female,Simple,11,10,43,3,stage6,60
100,subj111,I consent,19,Female,Simple,11,10,43,3,stage7,50
100,subj112,I consent,19,Female,Simple,9,6,39,0,stage1,50
100,subj112,I consent,19,Female,Simple,9,6,39,0,stage2,60
100,subj112,I consent,19,Female,Simple,9,6,39,0,stage3,60
100,subj112,I consent,19,Female,Simple,9,6,39,0,stage4,71
100,subj112,I consent,19,Female,Simple,9,6,39,0,stage5,69
100,subj112,I consent,19,Female,Simple,9,6,39,0,stage6,51
100,subj112,I consent,19,Female,Simple,9,6,39,0,stage7,51
100,subj113,I consent,19,Female,Complex,11,8,45,3,stage1,66
100,subj113,I consent,19,Female,Complex,11,8,45,3,stage2,70
100,subj113,I consent,19,Female,Complex,11,8,45,3,stage3,80
100,subj113,I consent,19,Female,Complex,11,8,45,3,stage4,86
100,subj113,I consent,19,Female,Complex,11,8,45,3,stage5,80
100,subj113,I consent,19,Female,Complex,11,8,45,3,stage6,51
100,subj113,I consent,19,Female,Complex,11,8,45,3,stage7,47
100,subj114,I consent,18,Female,Complex,8,7,33,1,stage1,72
100,subj114,I consent,18,Female,Complex,8,7,33,1,stage2,91
100,subj114,I consent,18,Female,Complex,8,7,33,1,stage3,100
100,subj114,I consent,18,Female,Complex,8,7,33,1,stage4,100
100,subj114,I consent,18,Female,Complex,8,7,33,1,stage5,73
100,subj114,I consent,18,Female,Complex,8,7,33,1,stage6,23
100,subj114,I consent,18,Female,Complex,8,7,33,1,stage7,16
100,subj115,I consent,19,Female,Simple,10,6,36,1,stage1,50
100,subj115,I consent,19,Female,Simple,10,6,36,1,stage2,61
100,subj115,I consent,19,Female,Simple,10,6,36,1,stage3,65
100,subj115,I consent,19,Female,Simple,10,6,36,1,stage4,71
100,subj115,I consent,19,Female,Simple,10,6,36,1,stage5,70
100,subj115,I consent,19,Female,Simple,10,6,36,1,stage6,63
100,subj115,I consent,19,Female,Simple,10,6,36,1,stage7,50
100,subj116,I consent,19,Female,Complex,10,11,43,3,stage1,89
100,subj116,I consent,19,Female,Complex,10,11,43,3,stage2,94
100,subj116,I consent,19,Female,Complex,10,11,43,3,stage3,100
100,subj116,I consent,19,Female,Complex,10,11,43,3,stage4,100
100,subj116,I consent,19,Female,Complex,10,11,43,3,stage5,77
100,subj116,I consent,19,Female,Complex,10,11,43,3,stage6,39
100,subj116,I consent,19,Female,Complex,10,11,43,3,stage7,44
100,subj117,I consent,18,Female,Complex,10,7,40,0,stage1,25
100,subj117,I consent,18,Female,Complex,10,7,40,0,stage2,60
100,subj117,I consent,18,Female,Complex,10,7,40,0,stage3,80
100,subj117,I consent,18,Female,Complex,10,7,40,0,stage4,100
100,subj117,I consent,18,Female,Complex,10,7,40,0,stage5,95
100,subj117,I consent,18,Female,Complex,10,7,40,0,stage6,40
100,subj117,I consent,18,Female,Complex,10,7,40,0,stage7,60
100,subj118,I consent,18,Female,Simple,10,8,43,1,stage1,64
100,subj118,I consent,18,Female,Simple,10,8,43,1,stage2,85
100,subj118,I consent,18,Female,Simple,10,8,43,1,stage3,100
100,subj118,I consent,18,Female,Simple,10,8,43,1,stage4,100
100,subj118,I consent,18,Female,Simple,10,8,43,1,stage5,60
100,subj118,I consent,18,Female,Simple,10,8,43,1,stage6,40
100,subj118,I consent,18,Female,Simple,10,8,43,1,stage7,39
100,subj119,I consent,20,Female,Complex,10,8,42,1,stage1,67
100,subj119,I consent,20,Female,Complex,10,8,42,1,stage2,72
100,subj119,I consent,20,Female,Complex,10,8,42,1,stage3,71
100,subj119,I consent,20,Female,Complex,10,8,42,1,stage4,78
100,subj119,I consent,20,Female,Complex,10,8,42,1,stage5,35
100,subj119,I consent,20,Female,Complex,10,8,42,1,stage6,26
100,subj119,I consent,20,Female,Complex,10,8,42,1,stage7,20
100,subj120,I consent,18,Female,Simple,9,8,31,0,stage1,66
100,subj120,I consent,18,Female,Simple,9,8,31,0,stage2,91
100,subj120,I consent,18,Female,Simple,9,8,31,0,stage3,76
100,subj120,I consent,18,Female,Simple,9,8,31,0,stage4,85
100,subj120,I consent,18,Female,Simple,9,8,31,0,stage5,61
100,subj120,I consent,18,Female,Simple,9,8,31,0,stage6,50
100,subj120,I consent,18,Female,Simple,9,8,31,0,stage7,50
100,subj121,I consent,19,Female,Complex,10,7,32,0,stage1,30
100,subj121,I consent,19,Female,Complex,10,7,32,0,stage2,38
100,subj121,I consent,19,Female,Complex,10,7,32,0,stage3,55
100,subj121,I consent,19,Female,Complex,10,7,32,0,stage4,53
100,subj121,I consent,19,Female,Complex,10,7,32,0,stage5,56
100,subj121,I consent,19,Female,Complex,10,7,32,0,stage6,41
100,subj121,I consent,19,Female,Complex,10,7,32,0,stage7,56
100,subj122,I consent,19,Female,Simple,10,8,42,1,stage1,36
100,subj122,I consent,19,Female,Simple,10,8,42,1,stage2,68
100,subj122,I consent,19,Female,Simple,10,8,42,1,stage3,82
100,subj122,I consent,19,Female,Simple,10,8,42,1,stage4,91
100,subj122,I consent,19,Female,Simple,10,8,42,1,stage5,88
100,subj122,I consent,19,Female,Simple,10,8,42,1,stage6,70
100,subj122,I consent,19,Female,Simple,10,8,42,1,stage7,38
100,subj123,I consent,19,Female,Complex,10,8,42,3,stage1,61
100,subj123,I consent,19,Female,Complex,10,8,42,3,stage2,67
100,subj123,I consent,19,Female,Complex,10,8,42,3,stage3,79
100,subj123,I consent,19,Female,Complex,10,8,42,3,stage4,90
100,subj123,I consent,19,Female,Complex,10,8,42,3,stage5,70
100,subj123,I consent,19,Female,Complex,10,8,42,3,stage6,56
100,subj123,I consent,19,Female,Complex,10,8,42,3,stage7,53
100,subj126,I consent,19,Female,Simple,11,8,40,1,stage1,70
100,subj126,I consent,19,Female,Simple,11,8,40,1,stage2,90
100,subj126,I consent,19,Female,Simple,11,8,40,1,stage3,95
100,subj126,I consent,19,Female,Simple,11,8,40,1,stage4,97
100,subj126,I consent,19,Female,Simple,11,8,40,1,stage5,90
100,subj126,I consent,19,Female,Simple,11,8,40,1,stage6,77
100,subj126,I consent,19,Female,Simple,11,8,40,1,stage7,80
100,subj128,I consent,19,Female,Complex,9,5,35,1,stage1,65
100,subj128,I consent,19,Female,Complex,9,5,35,1,stage2,40
100,subj128,I consent,19,Female,Complex,9,5,35,1,stage3,70
100,subj128,I consent,19,Female,Complex,9,5,35,1,stage4,80
100,subj128,I consent,19,Female,Complex,9,5,35,1,stage5,90
100,subj128,I consent,19,Female,Complex,9,5,35,1,stage6,90
100,subj128,I consent,19,Female,Complex,9,5,35,1,stage7,40
100,subj129,I consent,24,Female,Simple,8,8,37,0,stage1,50
100,subj129,I consent,24,Female,Simple,8,8,37,0,stage2,70
100,subj129,I consent,24,Female,Simple,8,8,37,0,stage3,55
100,subj129,I consent,24,Female,Simple,8,8,37,0,stage4,50
100,subj129,I consent,24,Female,Simple,8,8,37,0,stage5,80
100,subj129,I consent,24,Female,Simple,8,8,37,0,stage6,32
100,subj129,I consent,24,Female,Simple,8,8,37,0,stage7,22
100,subj132,I consent,18,Female,Complex,6,8,44,0,stage1,70
100,subj132,I consent,18,Female,Complex,6,8,44,0,stage2,70
100,subj132,I consent,18,Female,Complex,6,8,44,0,stage3,60
100,subj132,I consent,18,Female,Complex,6,8,44,0,stage4,80
100,subj132,I consent,18,Female,Complex,6,8,44,0,stage5,71
100,subj132,I consent,18,Female,Complex,6,8,44,0,stage6,80
100,subj132,I consent,18,Female,Complex,6,8,44,0,stage7,81
100,subj135,I consent,18,Female,Simple,3,9,35,0,stage1,55
100,subj135,I consent,18,Female,Simple,3,9,35,0,stage2,72
100,subj135,I consent,18,Female,Simple,3,9,35,0,stage3,100
100,subj135,I consent,18,Female,Simple,3,9,35,0,stage4,84
100,subj135,I consent,18,Female,Simple,3,9,35,0,stage5,82
100,subj135,I consent,18,Female,Simple,3,9,35,0,stage6,22
100,subj135,I consent,18,Female,Simple,3,9,35,0,stage7,0
100,subj136,I consent,18,Female,Simple,1,12,35,0,stage1,67
100,subj136,I consent,18,Female,Simple,1,12,35,0,stage2,91
100,subj136,I consent,18,Female,Simple,1,12,35,0,stage3,100
100,subj136,I consent,18,Female,Simple,1,12,35,0,stage4,100
100,subj136,I consent,18,Female,Simple,1,12,35,0,stage5,39
100,subj136,I consent,18,Female,Simple,1,12,35,0,stage6,19
100,subj136,I consent,18,Female,Simple,1,12,35,0,stage7,0
100,subj137,I consent,20,Male,Complex,10,9,30,0,stage1,0
100,subj137,I consent,20,Male,Complex,10,9,30,0,stage2,50
100,subj137,I consent,20,Male,Complex,10,9,30,0,stage3,50
100,subj137,I consent,20,Male,Complex,10,9,30,0,stage4,50
100,subj137,I consent,20,Male,Complex,10,9,30,0,stage5,50
100,subj137,I consent,20,Male,Complex,10,9,30,0,stage6,70
100,subj137,I consent,20,Male,Complex,10,9,30,0,stage7,30
100,subj138,I consent,22,Male,Complex,10,12,38,2,stage1,75
100,subj138,I consent,22,Male,Complex,10,12,38,2,stage2,75
100,subj138,I consent,22,Male,Complex,10,12,38,2,stage3,80
100,subj138,I consent,22,Male,Complex,10,12,38,2,stage4,84
100,subj138,I consent,22,Male,Complex,10,12,38,2,stage5,82
100,subj138,I consent,22,Male,Complex,10,12,38,2,stage6,77
100,subj138,I consent,22,Male,Complex,10,12,38,2,stage7,77
100,subj139,I consent,18,Female,Simple,10,8,42,1,stage1,60
100,subj139,I consent,18,Female,Simple,10,8,42,1,stage2,80
100,subj139,I consent,18,Female,Simple,10,8,42,1,stage3,90
100,subj139,I consent,18,Female,Simple,10,8,42,1,stage4,100
100,subj139,I consent,18,Female,Simple,10,8,42,1,stage5,98
100,subj139,I consent,18,Female,Simple,10,8,42,1,stage6,21
100,subj139,I consent,18,Female,Simple,10,8,42,1,stage7,11
100,subj140,I consent,20,Female,Simple,2,9,25,0,stage1,65
100,subj140,I consent,20,Female,Simple,2,9,25,0,stage2,33
100,subj140,I consent,20,Female,Simple,2,9,25,0,stage3,55
100,subj140,I consent,20,Female,Simple,2,9,25,0,stage4,97
100,subj140,I consent,20,Female,Simple,2,9,25,0,stage5,35
100,subj140,I consent,20,Female,Simple,2,9,25,0,stage6,21
100,subj140,I consent,20,Female,Simple,2,9,25,0,stage7,1
100,subj141,I consent,25,Female,Complex,10,8,41,2,stage1,50
100,subj141,I consent,25,Female,Complex,10,8,41,2,stage2,70
100,subj141,I consent,25,Female,Complex,10,8,41,2,stage3,85
100,subj141,I consent,25,Female,Complex,10,8,41,2,stage4,90
100,subj141,I consent,25,Female,Complex,10,8,41,2,stage5,80
100,subj141,I consent,25,Female,Complex,10,8,41,2,stage6,70
100,subj141,I consent,25,Female,Complex,10,8,41,2,stage7,70
