back_down,DVadv,set,intelligent,confident,id,c1,c2,c3,c4,i1,i2,i3,i4,i5,othercheck,passman,moderatorrolecheck,passcomp,male,age,filter_$
backed_down,NA,NA,NA,NA,A2IC4IMH7G9UKU,NA,NA,NA,NA,NA,NA,NA,NA,NA,NA,NA,NA,NA,NA,NA,NA
backed_down,5,1,5.6,5,A2LFT9N17HS9FX,7,7,1,5,5,5,7,6,5,NA,NA,NA,NA,NA,NA,1
did_not_back_down,NA,NA,NA,NA,A31PCN2LP7DP8I,NA,NA,NA,NA,NA,NA,NA,NA,NA,NA,NA,NA,NA,NA,NA,NA
did_not_back_down,4,NA,4,4.75,A21389CE81CPZ0,5,5,5,4,5,3,4,4,4,NA,NA,NA,NA,NA,NA,NA
did_not_back_down,6,2,7,6,A2UD55WYGQHGAT,6,6,6,6,7,7,7,7,7,NA,NA,NA,NA,NA,NA,0
backed_down,4,NA,5,5,A1BQKP971LFCYL,5,5,5,5,5,5,5,5,5,2,0,1,0,0,36,NA
backed_down,6,1,5.4,4.5,A3ANYKOQE1N4R,6,4,4,4,6,4,6,6,5,2,0,1,0,1,33,1
backed_down,1,2,7,1,A1NIPJZWXW7ZKM,1,1,1,1,7,7,7,7,7,1,1,2,1,0,27,0
backed_down,1,2,2.2,1,A1H4GJFI4NJWKV,1,1,1,1,2,2,3,2,2,1,1,2,1,0,41,0
backed_down,2,2,2.2,3,A2CRC09J74PII5,3,3,3,3,2,3,2,2,2,1,1,2,1,1,50,0
backed_down,2,2,2,2,A2RB4WF5CDMEL9,2,2,2,2,2,2,2,2,2,1,1,2,1,0,64,0
backed_down,2,2,2.8,1,A3RD486RQUI2XV,1,1,1,1,4,4,1,4,1,1,1,2,1,0,47,0
backed_down,2,2,3,2.25,A1JMD1M91WRWGB,3,2,2,2,3,2,2,3,5,1,1,2,1,1,44,0
backed_down,2,2,4.8,2.5,A2223XYV804AY7,3,3,2,2,5,3,6,5,5,1,1,2,1,0,47,0
backed_down,2,2,5.2,2,AMN2BRHBYE4G1,2,2,2,2,6,4,5,5,6,1,1,2,1,1,53,0
backed_down,2,2,4.4,4.25,A3GOP7D98N6TVM,5,6,3,3,4,4,5,5,4,1,1,2,1,0,30,0
backed_down,3,2,4.2,3,A2DA849F6IV3EO,3,3,3,3,4,4,5,4,4,1,1,2,1,0,45,0
backed_down,3,2,4.6,3,A1LZDDFTH09N9K,3,3,3,3,5,5,4,5,4,1,1,2,1,0,30,0
backed_down,3,2,5.6,3,AKON4ZPGX5DYQ,3,3,3,3,6,5,5,6,6,1,1,2,1,0,32,0
backed_down,3,2,4.4,3,A2CK0OXMPOR9LE,3,3,3,3,5,3,4,5,5,1,1,2,1,1,28,0
backed_down,3,2,5.6,3,A19DY2RQN6EJAC,3,3,3,3,6,4,6,6,6,1,1,2,1,1,47,0
backed_down,3,2,3.6,4.25,A1SJRFJWFXSDH4,5,5,4,3,4,5,2,4,3,1,1,2,1,0,30,0
backed_down,3,2,3.6,2.25,A3PQYTQ44C8UQ4,2,2,2,3,4,3,3,4,4,1,1,2,1,0,57,0
backed_down,3,2,4.6,2.75,A2YJZYTC8WOIZT,3,3,2,3,4,5,5,4,5,1,1,2,1,0,45,0
backed_down,3,2,5,3.75,AOSO1D81K0ET0,4,4,3,4,5,5,4,5,6,1,1,2,1,1,64,0
backed_down,3,2,4.4,3,AO97T9MTSKK0Z,3,3,2,4,4,5,4,4,5,1,1,2,1,1,41,0
backed_down,3,2,4.8,4.25,ADZHJZ078THWQ,5,5,4,3,5,5,5,5,4,1,1,2,1,1,23,0
backed_down,3,2,4,3.25,A2X5BYJKVKSYQQ,3,4,3,3,4,4,4,4,4,1,1,2,1,1,38,0
backed_down,3,2,4.8,3,AVQGY7FCU80XP,3,3,3,3,5,4,5,5,5,1,1,2,1,1,41,0
backed_down,4,NA,4.6,5,A134Z0KUOMR8CW,5,5,5,5,5,4,4,4,6,1,1,2,1,1,58,NA
backed_down,4,NA,3.8,3.25,A2FBR207LOF7FK,4,4,3,2,4,3,3,4,5,1,1,2,1,1,25,NA
backed_down,4,NA,4.4,3.75,A6TXWXXFY47OR,4,4,3,4,5,4,5,4,4,1,1,2,1,1,32,NA
backed_down,4,NA,3.4,3,ATSZCAVI441RM,3,3,2,4,4,2,5,4,2,1,1,2,1,0,29,NA
backed_down,4,NA,4.4,4,A3VOYK4UGI5BJF,5,2,5,4,6,6,4,2,4,1,1,2,1,1,33,NA
backed_down,4,NA,3.4,3,A3U4SSUB9ZZ9T0,3,3,3,3,3,4,3,3,4,1,1,2,1,0,54,NA
backed_down,4,NA,5.2,4.75,A2RYV661AZYCBP,5,5,5,4,5,6,5,5,5,1,1,2,1,0,42,NA
backed_down,4,NA,4.4,5,AAXX5LDVJ32F8,5,5,5,5,5,4,4,4,5,1,1,2,1,1,46,NA
backed_down,4,NA,4,3,A240OTT1T85UGT,3,3,3,3,4,4,4,4,4,1,1,2,1,1,34,NA
backed_down,4,NA,5.4,6.5,A2T5YVU37RBCCP,7,7,6,6,6,6,6,4,5,1,1,2,1,1,59,NA
backed_down,4,NA,4.6,4.75,A3CKR60DBKQ7ZH,5,5,5,4,5,4,4,5,5,1,1,2,1,0,31,NA
backed_down,4,NA,4.6,3,A2AHS2MN3M5CVX,3,3,3,3,4,4,5,4,6,1,1,2,1,0,63,NA
backed_down,4,NA,5.6,3.5,A2LO0E22RWJATQ,5,3,3,3,6,5,6,6,5,1,1,2,1,0,40,NA
backed_down,4,NA,4.4,3.5,A9O273N0X06JS,3,3,4,4,5,3,5,5,4,1,1,2,1,1,25,NA
backed_down,4,NA,1,1,A35P8YSNTQ7OTP,1,1,1,1,1,1,1,1,1,1,1,2,1,1,46,NA
backed_down,5,1,4.8,3,A1PT37VP2YON50,3,3,3,3,5,5,5,5,4,1,1,2,1,0,33,1
backed_down,5,1,4.6,4.25,A26FC0H9JNICC7,4,4,4,5,6,4,5,4,4,1,1,2,1,1,28,1
backed_down,5,1,4.8,3.75,A2SNIQ9FD2T58Z,4,4,4,3,5,3,6,5,5,1,1,2,1,1,45,1
backed_down,5,1,5.4,5,ALWN8GJT5QPY7,5,6,4,5,6,6,6,4,5,1,1,2,1,1,28,1
backed_down,5,1,4.6,4.5,A3P1RCXKFG0NH3,4,5,5,4,5,5,4,5,4,1,1,2,1,0,24,1
backed_down,5,1,5.2,5,A2GGKN1LCJKZ5F,5,5,5,5,5,5,6,5,5,1,1,2,1,1,22,1
backed_down,5,1,5,5.25,A1BUNVEBM24EZ9,5,6,6,4,5,4,6,5,5,1,1,2,1,0,30,1
backed_down,5,1,5.2,3.75,AVIFWJNLACR4I,3,4,4,4,5,6,5,5,5,1,1,2,1,1,33,1
backed_down,5,1,5.4,5.25,A183WYXN12P2TJ,5,5,5,6,5,6,5,6,5,1,1,2,1,1,37,1
backed_down,5,1,5,4.75,A2C83KDE5MUZQP,5,5,4,5,5,5,5,5,5,1,1,2,1,0,28,1
backed_down,5,1,5,5,A1RL9J60EHDOBI,5,5,5,5,5,5,5,5,5,1,1,2,1,1,46,1
backed_down,5,1,6.4,4.25,A2IBTYRQIZX1N6,4,4,4,5,7,5,6,7,7,1,1,2,1,0,38,1
backed_down,5,1,5.8,5,A3MPRLOQP8D3DL,5,5,4,6,6,5,7,6,5,1,1,2,1,1,37,1
backed_down,5,1,4.4,3,A1BSL1VC7PQR04,3,3,3,3,4,4,5,4,5,1,1,2,1,1,34,1
backed_down,5,1,4,3,A1276MDSN936UZ,3,3,3,3,5,3,3,5,4,1,1,2,1,0,31,1
backed_down,5,1,5.8,6,A19S4W3QLLQJ0T,6,6,6,6,6,6,6,6,5,1,1,2,1,0,40,1
backed_down,5,1,6,4.5,A2BPBFN87X32NO,5,5,4,4,6,6,6,6,6,1,1,2,1,0,28,1
backed_down,5,1,5.6,5,A1GZAHNN3T1AOJ,5,5,5,5,6,5,6,5,6,1,1,2,1,0,45,1
backed_down,5,1,2.6,2.25,AWT957C6LU7N5,3,2,2,2,3,2,3,3,2,1,1,2,1,1,45,1
backed_down,5,1,5.6,5.75,A1DJEWE7PY7YQX,6,6,6,5,6,5,5,6,6,1,1,2,1,0,63,1
backed_down,5,1,5,5,A3HOBJ4PJUOCUN,5,5,5,5,5,5,5,5,5,1,1,2,1,0,58,1
backed_down,5,1,6,4.5,A398O60Z1KEZM8,5,4,5,4,6,6,6,6,6,1,1,2,1,0,37,1
backed_down,5,1,6.2,6.25,A14HW8I4RYHNC4,6,7,6,6,7,6,5,7,6,1,1,2,1,1,55,1
backed_down,5,1,4.6,3.75,A2JIRC73O88L0U,4,4,3,4,5,4,5,4,5,1,1,2,1,1,31,1
backed_down,5,1,6.6,7,A1Q6BCD26I084Z,7,7,7,7,7,6,7,7,6,1,1,2,1,1,31,1
backed_down,5,1,5.6,5.5,A20Z5O57UDPFLX,5,5,6,6,6,4,6,6,6,1,1,2,1,1,24,1
backed_down,5,1,3.6,4.5,A17V85U8PXS4LJ,5,5,4,4,3,4,3,4,4,1,1,2,1,1,60,1
backed_down,5,1,5,3,AWHQGH3JPLTZO,3,3,3,3,5,5,5,5,5,1,1,2,1,0,25,1
backed_down,5,1,4,2.75,A214SYJ4S05Y2A,2,3,3,3,4,2,5,4,5,1,1,2,1,1,59,1
backed_down,5,1,4.6,5,A2V3TUCFVUAKOM,5,5,5,5,5,5,4,5,4,1,1,2,1,0,29,1
backed_down,5,1,6.2,5,A217E1EMJSYBON,5,5,5,5,7,6,6,6,6,1,1,2,1,0,30,1
backed_down,5,1,5.4,5.25,A3KHOW5FW32RUL,6,5,5,5,6,5,6,5,5,1,1,2,1,0,24,1
backed_down,5,1,4.8,5.25,AFIX0G1AT32OD,5,6,5,5,5,4,4,5,6,1,1,2,1,1,42,1
backed_down,5,1,5,4.25,A1GSIR59HGF3SZ,4,5,4,4,4,6,6,5,4,1,1,2,1,0,38,1
backed_down,5,1,5.8,4.75,A2G8DTHDX0XO4I,5,5,5,4,7,5,5,7,5,1,1,2,1,0,22,1
backed_down,5,1,5,4,A2OW2CIT4H7364,4,4,4,4,5,5,6,5,4,1,1,2,1,0,30,1
backed_down,5,1,5.6,4,A2IC2PVR57RY5C,5,4,4,3,5,5,6,6,6,1,1,2,1,1,32,1
backed_down,5,1,5,5,A39C1BN9ZSQ0R2,6,6,5,3,5,4,5,5,6,1,1,2,1,1,33,1
backed_down,5,1,5.2,4.25,A1FCD2XCRJ2UOY,5,6,3,3,5,4,6,5,6,1,1,2,1,1,33,1
backed_down,5,1,5.4,5.25,AWKUOA7M4P8YI,6,5,5,5,5,5,6,5,6,1,1,2,1,0,37,1
backed_down,5,1,5,5,A1VGZ87KEGN5NE,5,5,5,5,5,5,5,5,5,1,1,2,1,1,46,1
backed_down,5,1,5,3.5,AOZUMS41I24QI,4,4,3,3,5,4,7,4,5,1,1,2,1,0,28,1
backed_down,6,1,5.6,5.5,A30WRV40L5NFYS,6,5,5,6,6,5,5,6,6,1,1,2,1,0,33,1
backed_down,6,1,4.8,4,A3AD4H3PWLWK21,4,4,4,4,4,4,6,4,6,1,1,2,1,0,25,1
backed_down,6,1,6,4,ADT6AD3LK64AH,4,4,4,4,7,6,6,6,5,1,1,2,1,1,33,1
backed_down,6,1,5,5,APL3MD4HGU6NF,5,5,5,5,5,5,5,5,5,1,1,2,1,1,36,1
backed_down,6,1,5.4,6,A1IDHLHIVKMT8D,6,6,6,6,6,4,6,6,5,1,1,2,1,1,34,1
backed_down,6,1,5,5.25,A3CR9XJAL7U5JW,6,5,5,5,5,6,5,4,5,1,1,2,1,0,38,1
backed_down,6,1,7,6.5,A39YBLQYIUBR76,6,7,7,6,7,7,7,7,7,1,1,2,1,1,45,1
backed_down,6,1,5.8,5,A9WEX69NN1HG4,6,6,4,4,6,5,6,6,6,1,1,2,1,1,65,1
backed_down,6,1,6,6,A1ICXZVLIZM6IF,5,7,6,6,6,5,7,5,7,1,1,2,1,0,34,1
backed_down,6,1,5,4.5,A2WU2OBJC98WQP,5,5,4,4,5,5,5,5,5,1,1,2,1,0,27,1
backed_down,6,1,6,5.75,A35KO5LPASBFI9,6,6,6,5,6,6,6,6,6,1,1,2,1,0,24,1
backed_down,6,1,4.6,5,A1MDOWPQ04PFYB,6,6,4,4,5,4,4,5,5,1,1,2,1,0,44,1
backed_down,6,1,6.8,5,A39R04XRL182YC,5,5,5,5,7,6,7,7,7,1,1,2,1,0,37,1
backed_down,6,1,6,5.5,A2J7XOAS72YN0,5,6,6,5,6,7,5,7,5,1,1,2,1,1,50,1
backed_down,6,1,5.4,5.5,AZW4K59K4QWZ8,6,5,5,6,6,4,5,6,6,1,1,2,1,1,39,1
backed_down,6,1,5,4.5,AIQ1I6ODSIO56,5,4,4,5,6,4,5,4,6,1,1,2,1,1,35,1
backed_down,6,1,5.2,4,A1DUST1W8M9ZVH,4,4,4,4,5,5,5,5,6,1,1,2,1,0,36,1
backed_down,6,1,6,3.5,A23B9UVYZ52CL0,4,3,4,3,6,6,6,6,6,1,1,2,1,0,32,1
backed_down,6,1,5.8,3,AEX9MA72M10DC,3,3,3,3,6,5,6,6,6,1,1,2,1,0,35,1
backed_down,6,1,7,5,AZ8JL3QNIPY4U,5,5,5,5,7,7,7,7,7,1,1,2,1,0,28,1
backed_down,6,1,6.4,6.75,A2E8RRV64NGTW4,7,7,7,6,6,7,6,6,7,1,1,2,1,1,29,1
backed_down,6,1,5.6,5.5,A3T9LVCYQIS4UT,5,5,6,6,6,4,7,5,6,1,1,2,1,1,40,1
backed_down,6,1,5.2,4,A2BN56TKLF1095,4,4,4,4,5,4,6,5,6,1,1,2,1,0,26,1
backed_down,6,1,5,4.75,A3JYD008VKTSVZ,5,4,5,5,5,6,5,5,4,1,1,2,1,0,49,1
backed_down,6,1,5.8,5.75,A3LOJ1YT9O5TXW,6,6,6,5,6,5,6,6,6,1,1,2,1,0,30,1
backed_down,6,1,5.8,6,ATC7B8C99BD26,7,6,6,5,5,6,7,5,6,1,1,2,1,1,41,1
backed_down,6,1,5.6,5.5,A32U64W0S9PUA3,6,5,6,5,6,4,6,6,6,1,1,2,1,1,24,1
backed_down,6,1,5.8,5,A1L6PGLE7CIS12,5,5,5,5,6,5,6,6,6,1,1,2,1,0,40,1
backed_down,6,1,5.6,3.25,AJ3F5RR0P8LZR,3,3,4,3,6,4,6,6,6,1,1,2,1,0,26,1
backed_down,6,1,5.4,4.75,A1BDJJ3Z71CDKL,5,5,5,4,6,5,5,6,5,1,1,2,1,1,33,1
backed_down,6,1,6,5.75,A2PR4FTU2IZURM,5,6,7,5,7,6,6,6,5,1,1,2,1,1,30,1
backed_down,6,1,5,5,A35QENJBUHKQLR,6,4,5,5,5,5,5,5,5,1,1,2,1,0,57,1
backed_down,6,1,6,6,A277UPR6JWGMWY,6,6,6,6,6,6,6,6,6,1,1,2,1,1,63,1
backed_down,6,1,5.6,5.5,A2SPNUXEWH77QO,5,5,6,6,5,6,6,6,5,1,1,2,1,1,23,1
backed_down,6,1,4.8,7,A2HM5WU1XILZJ1,7,7,7,7,6,4,4,6,4,1,1,2,1,0,46,1
backed_down,6,1,6.6,4.5,AKG7VBOY97HKA,4,5,5,4,7,6,7,7,6,1,1,2,1,0,71,1
backed_down,7,1,7,6.5,A1E2T84AUMW6ZC,7,7,6,6,7,7,7,7,7,1,1,2,1,0,59,1
backed_down,7,1,6,4,A11L96UALVWDNG,4,4,4,4,6,6,6,6,6,1,1,2,1,1,27,1
backed_down,7,1,5.6,5,A2EOCXRCAYGUK5,5,5,5,5,6,5,6,6,5,1,1,2,1,0,59,1
backed_down,7,1,5.8,7,A1ZDR2UN7M92LI,7,7,7,7,6,5,6,6,6,1,1,2,1,1,34,1
backed_down,7,1,6.8,7,A2WWFBKCUC55BX,7,7,7,7,7,6,7,7,7,1,1,2,1,0,38,1
backed_down,7,1,6,7,A1NMWUK6TZG333,7,7,7,7,6,6,6,6,6,1,1,2,1,1,34,1
backed_down,7,1,7,2.25,A374STD2W8N1U8,2,2,3,2,7,7,7,7,7,1,1,2,1,0,32,1
did_not_back_down,1,1,3.4,5,AV9TRKYDW7LU,5,5,5,5,3,4,3,3,4,1,0,2,1,1,35,1
did_not_back_down,2,1,3.4,5.25,A1ZI37LKKJ7UKE,6,5,5,5,4,3,3,4,3,1,0,2,1,0,26,1
did_not_back_down,3,1,2,6,A1I4N5DWJBTZ5C,6,6,6,6,2,2,2,2,2,1,0,2,1,0,26,1
did_not_back_down,5,2,5.2,5,A1QF14CNDAGL6X,5,5,6,4,5,4,5,6,6,1,0,2,1,1,31,0
did_not_back_down,6,2,6.8,7,A2H8HVANGF4A58,7,7,7,7,7,7,7,6,7,1,0,2,1,1,27,0
backed_down,6,1,6,5.5,A2XE89KFI1DRPQ,5,6,5,6,6,6,6,6,6,2,0,2,1,1,27,1
backed_down,7,1,4.4,7,ASARROL26QXRM,7,7,7,7,4,5,5,4,4,2,0,2,1,1,26,1
did_not_back_down,1,1,3,5.25,A2PRF5G21RC5G3,6,6,5,4,3,4,2,4,2,2,1,2,1,1,68,1
did_not_back_down,1,1,1.8,7,A2LTOS0AZ3B28A,7,7,7,7,3,1,1,3,1,2,1,2,1,0,46,1
did_not_back_down,1,1,2.2,7,A1CSJFRAS32VFJ,7,7,7,7,1,4,1,4,1,2,1,2,1,0,37,1
did_not_back_down,1,1,4,6,A2TLN8489YGY81,6,6,6,6,5,4,4,4,3,2,1,2,1,1,31,1
did_not_back_down,1,1,1,4,A18CKPSS1FULGI,7,7,1,1,1,1,1,1,1,2,1,2,1,1,61,1
did_not_back_down,1,1,1.2,3,A1LTJHPUTL7WM9,4,4,1,3,1,1,1,2,1,2,1,2,1,0,28,1
did_not_back_down,1,1,4.4,4.25,AMOO2P3A36ULC,6,6,2,3,5,4,5,4,4,2,1,2,1,0,50,1
did_not_back_down,1,1,1,6.25,A6A5CPOIDH9LJ,7,7,4,7,1,1,1,1,1,2,1,2,1,0,32,1
did_not_back_down,1,1,2.8,5.75,A1IIF95II8FISQ,7,7,5,4,4,4,1,4,1,2,1,2,1,0,36,1
did_not_back_down,1,1,1.4,6.25,A1CX684F5TEO5W,6,6,7,6,2,2,1,1,1,2,1,2,1,1,45,1
did_not_back_down,1,1,2.2,6,A30X689MOKAFLZ,6,6,6,6,2,4,1,2,2,2,1,2,1,1,39,1
did_not_back_down,1,1,2.8,4.5,AIBFR88A00FP3,6,6,3,3,2,4,3,3,2,2,1,2,1,0,35,1
did_not_back_down,2,1,2.4,7,A1QRGVE005067Q,7,7,7,7,3,2,2,3,2,2,1,2,1,1,29,1
did_not_back_down,2,1,3,3.5,A17NHH2B4WXHLX,4,4,2,4,3,3,3,3,3,2,1,2,1,0,63,1
did_not_back_down,2,1,2.8,6.25,A1MSLM87Z8CLTK,7,7,6,5,3,4,3,2,2,2,1,2,1,1,45,1
did_not_back_down,2,1,4,3.5,ACFPXI6LMHSZU,5,5,2,2,4,5,4,4,3,2,1,2,1,1,37,1
did_not_back_down,2,1,3.2,6.25,A22VACRM9GC73M,7,6,6,6,4,4,2,4,2,2,1,2,1,1,44,1
did_not_back_down,2,1,1.8,4,A34OXAINBMHBTD,5,5,3,3,2,2,1,2,2,2,1,2,1,0,30,1
did_not_back_down,2,1,4,7,AZDRKFTM4LARP,7,7,7,7,4,4,4,4,4,2,1,2,1,1,30,1
did_not_back_down,2,1,1,5,A31681CCEVDIH3,5,5,5,5,1,1,1,1,1,2,1,2,1,0,30,1
did_not_back_down,2,1,3.8,3,A1ING769NXJIHR,3,3,3,3,5,3,3,5,3,2,1,2,1,0,42,1
did_not_back_down,2,1,2.6,7,ADAGUJNWMEPT6,7,7,7,7,3,4,2,2,2,2,1,2,1,1,47,1
did_not_back_down,2,1,1,6,A2EED3HLTA96CP,6,6,6,6,1,1,1,1,1,2,1,2,1,0,42,1
did_not_back_down,2,1,2.8,6.5,A15HF9M3EGMCWL,7,7,6,6,4,2,3,4,1,2,1,2,1,1,38,1
did_not_back_down,2,1,1.6,7,A2Y8RCX78HEWAY,7,7,7,7,1,4,1,1,1,2,1,2,1,0,56,1
did_not_back_down,2,1,3,3,A2EH6GXGWWT5UD,3,3,3,3,4,4,2,3,2,2,1,2,1,0,29,1
did_not_back_down,2,1,3.4,4.75,A3CEGD9ITLFUUD,5,6,2,6,4,4,2,3,4,2,1,2,1,0,39,1
did_not_back_down,2,1,3.8,5.25,A1N0D7925N0060,6,6,6,3,5,4,3,4,3,2,1,2,1,1,54,1
did_not_back_down,2,1,3,5.5,A23I6D4NN53KFE,6,6,5,5,3,4,3,3,2,2,1,2,1,0,27,1
did_not_back_down,2,1,2.6,6.5,A3EJ44J2ZNRMDA,7,7,6,6,4,3,1,3,2,2,1,2,1,1,48,1
did_not_back_down,2,1,3.8,6,AF5OX8V2MJZCY,6,6,6,6,3,5,3,3,5,2,1,2,1,0,51,1
did_not_back_down,2,1,4,6,A3AY0315YWWNXY,6,6,6,6,4,4,4,4,4,2,1,2,1,1,27,1
did_not_back_down,2,1,1,5.75,A1FSPD1LIOXCN1,6,6,6,5,1,1,1,1,1,2,1,2,1,0,33,1
did_not_back_down,2,1,3,6.5,A1U7O93JY3WFMU,7,7,5,7,4,3,2,4,2,2,1,2,1,0,45,1
did_not_back_down,2,1,3.4,6,A276TOSEU7TQ8Y,6,6,6,6,3,4,3,4,3,2,1,2,1,1,35,1
did_not_back_down,2,1,3.6,5,A2J91VTQ80G317,5,5,5,5,3,4,4,4,3,2,1,2,1,0,49,1
did_not_back_down,2,1,5,6.5,A2DFXQ3QVQ9ELH,7,7,6,6,5,5,5,5,5,2,1,2,1,1,35,1
did_not_back_down,2,1,2.2,4,A3RDH0U2H6JCBC,5,5,3,3,2,2,2,2,3,2,1,2,1,0,30,1
did_not_back_down,2,1,4,5.5,A3MZ9RQJX9T656,6,6,6,4,4,4,4,4,4,2,1,2,1,0,40,1
did_not_back_down,2,1,3.2,2.75,A1N3J21E6L4VVO,3,3,2,3,3,4,3,3,3,2,1,2,1,1,55,1
did_not_back_down,2,1,2.8,4.25,AHXO376ALG8WN,6,5,3,3,4,3,2,3,2,2,1,2,1,0,25,1
did_not_back_down,2,1,3.6,6,A15K979G6R0ZH6,6,6,6,6,3,3,4,4,4,2,1,2,1,0,60,1
did_not_back_down,2,1,3.4,4,A1XSQ7O7YLOE8N,5,5,3,3,4,3,3,4,3,2,1,2,1,0,48,1
did_not_back_down,2,1,2.8,4.75,AL51KTD0WITH9,6,6,5,2,4,2,2,3,3,2,1,2,1,1,48,1
did_not_back_down,2,1,2.4,6.25,A9TLMMERXKQCJ,7,7,7,4,3,3,1,3,2,2,1,2,1,0,20,1
did_not_back_down,2,1,5,5.25,A60GN683BWXWC,5,6,5,5,5,5,5,5,5,2,1,2,1,0,47,1
did_not_back_down,2,1,1.8,5.5,A1BIN5R8FF4FQR,7,7,4,4,2,2,1,2,2,2,1,2,1,0,43,1
did_not_back_down,2,1,1.2,6,ANVAFB99K5RKP,7,7,5,5,1,1,1,1,2,2,1,2,1,0,31,1
did_not_back_down,2,1,3.8,7,A3FHIX6HE7YINC,7,7,7,7,4,4,3,4,4,2,1,2,1,1,54,1
did_not_back_down,2,1,3.4,4.5,A3QH4NEUUO81CX,5,5,5,3,3,3,3,4,4,2,1,2,1,1,35,1
did_not_back_down,2,1,1.6,7,A3M9W3AHFXAZZ,7,7,7,7,3,1,1,2,1,2,1,2,1,0,47,1
did_not_back_down,3,1,3.2,4.75,A3DMXVOHQXFV60,6,6,3,4,4,4,2,4,2,2,1,2,1,0,44,1
did_not_back_down,3,1,3.2,5,AZOK0NYBJ9ZCS,5,5,5,5,3,4,3,3,3,2,1,2,1,1,22,1
did_not_back_down,3,1,3.4,3.75,A35NZAXRVLAC0G,4,5,3,3,4,3,3,4,3,2,1,2,1,1,29,1
did_not_back_down,3,1,1.2,6,A11QPQ8294VPOF,6,6,6,6,1,2,1,1,1,2,1,2,1,0,35,1
did_not_back_down,3,1,3.2,6,AVZOC3OGBQRX2,6,6,6,6,4,3,3,4,2,2,1,2,1,0,38,1
did_not_back_down,3,1,2.6,7,A24CUEJH6KROK2,7,7,7,7,3,4,2,2,2,2,1,2,1,0,46,1
did_not_back_down,3,1,3,6.75,A2ZDXFFGSPHGBE,7,7,7,6,5,2,1,5,2,2,1,2,1,1,29,1
did_not_back_down,3,1,3.8,6.5,AXWJ324RX7D14,7,6,6,7,5,3,3,4,4,2,1,2,1,0,26,1
did_not_back_down,3,1,4.4,5.5,A192EJRA8LJYMV,6,5,6,5,5,4,4,5,4,2,1,2,1,0,27,1
did_not_back_down,3,1,3.6,5.25,A2JTLY1K6E2YAG,6,5,5,5,3,3,4,5,3,2,1,2,1,1,24,1
did_not_back_down,3,1,3.8,6,AP9WIQ4P78XLH,6,6,6,6,4,4,3,4,4,2,1,2,1,1,47,1
did_not_back_down,3,1,4,5.5,A245CPNDUDHUYX,7,7,4,4,4,4,4,4,4,2,1,2,1,1,30,1
did_not_back_down,3,1,3.4,5.75,A2GPPUNLCCQX83,6,6,5,6,3,4,3,4,3,2,1,2,1,0,35,1
did_not_back_down,3,1,2.4,5,A1LB9JOMFQ1UMG,6,5,5,4,3,2,2,3,2,2,1,2,1,0,27,1
did_not_back_down,3,1,3.4,5,A1UA3NAIZI4G32,5,5,5,5,4,3,3,4,3,2,1,2,1,0,75,1
did_not_back_down,3,1,4.6,6,A15NT1E8X5MFYP,6,6,6,6,5,6,3,5,4,2,1,2,1,0,28,1
did_not_back_down,3,1,3.8,5.5,A1CLS2KOA3TFYT,7,7,3,5,4,4,3,5,3,2,1,2,1,0,29,1
did_not_back_down,3,1,5.6,6.5,A1AF25FCVKC87X,7,7,6,6,6,6,5,6,5,2,1,2,1,1,33,1
did_not_back_down,3,1,3.8,5.5,A1VFRCYMWGWWCZ,6,7,4,5,6,3,2,5,3,2,1,2,1,0,34,1
did_not_back_down,3,1,3.6,7,A4UIXESOEZI05,7,7,7,7,5,4,2,4,3,2,1,2,1,0,27,1
did_not_back_down,3,1,3,3,A1ZLY60CGN617T,3,3,3,3,3,2,4,4,2,2,1,2,1,1,33,1
did_not_back_down,3,1,5,6.25,A2WC2NO555XU3J,7,7,6,5,5,5,5,5,5,2,1,2,1,0,25,1
did_not_back_down,3,1,6.8,7,A3N00GAY66XDSJ,7,7,7,7,7,7,7,7,6,2,1,2,1,1,68,1
did_not_back_down,3,1,4.2,5.75,AL7UTA8J27TFK,6,6,5,6,5,4,4,4,4,2,1,2,1,1,63,1
did_not_back_down,3,1,2.4,7,A1OVN32XH1791K,7,7,7,7,2,4,2,2,2,2,1,2,1,1,38,1
did_not_back_down,3,1,2.4,6,AZV195E9JW7ZH,7,5,6,6,3,2,3,2,2,2,1,2,1,1,32,1
did_not_back_down,3,1,3.2,5.75,A1BNGJBEWJS8WE,6,6,6,5,4,2,4,3,3,2,1,2,1,0,69,1
did_not_back_down,3,1,4,6.25,A3S8TUZ94SKSDC,6,6,7,6,5,4,3,4,4,2,1,2,1,1,29,1
did_not_back_down,3,1,3,6.5,A3LIOY7C4ZDQ50,6,6,7,7,3,2,3,3,4,2,1,2,1,1,23,1
did_not_back_down,3,1,2.2,4.5,A1601UNFFAAQOI,6,6,3,3,3,3,2,1,2,2,1,2,1,0,33,1
did_not_back_down,3,1,4.4,5.75,A2B2HQHFBYLTXU,6,7,5,5,6,4,4,5,3,2,1,2,1,1,35,1
did_not_back_down,3,1,4.4,5.25,AOXRO186OJMVJ,6,6,5,4,5,4,4,5,4,2,1,2,1,0,37,1
did_not_back_down,4,NA,3.6,5.5,A3GK90X2QOFR53,6,5,5,6,4,4,3,4,3,2,1,2,1,1,31,NA
did_not_back_down,4,NA,4.8,6,A1TO8F0HIM1OBQ,6,6,6,6,5,5,4,5,5,2,1,2,1,1,28,NA
did_not_back_down,4,NA,3.2,5.25,A26BTBZTW70SD5,6,6,6,3,3,4,3,3,3,2,1,2,1,1,31,NA
did_not_back_down,4,NA,3.6,6.5,AS7ZK30LXDC46,7,7,7,5,4,3,3,4,4,2,1,2,1,1,35,NA
did_not_back_down,4,NA,7,7,A200H4TX468LE,7,7,7,7,7,7,7,7,7,2,1,2,1,0,42,NA
did_not_back_down,4,NA,4.4,6,A24RGLS3BRZ60J,6,6,6,6,5,4,3,5,5,2,1,2,1,0,33,NA
did_not_back_down,4,NA,5.6,7,A25N0K40JAZTN1,7,7,7,7,6,6,5,5,6,2,1,2,1,1,47,NA
did_not_back_down,4,NA,5.8,6.5,A3TZNS3TG01U9B,7,6,6,7,6,6,6,5,6,2,1,2,1,1,30,NA
did_not_back_down,4,NA,4,6,AMWEGHUYIFH95,6,6,6,6,4,4,4,4,4,2,1,2,1,1,46,NA
did_not_back_down,4,NA,4,6,A1KXYURHCYHKOL,6,6,6,6,5,5,3,4,3,2,1,2,1,1,72,NA
did_not_back_down,4,NA,4,7,A19P7S5OYZS61Z,7,7,7,7,4,4,4,4,4,2,1,2,1,1,28,NA
did_not_back_down,5,2,4.2,4.5,A2D3NMQ8F17HHM,5,5,5,3,5,2,5,5,4,2,1,2,1,1,30,0
did_not_back_down,5,2,5.8,6.5,A2B01MEFSL5R97,7,7,6,6,6,6,6,5,6,2,1,2,1,1,34,0
did_not_back_down,5,2,4.4,4.75,A1FTIGX35ZK6PD,4,5,5,5,4,4,5,4,5,2,1,2,1,1,28,0
did_not_back_down,5,2,5,5.5,ASNMT3I94HZ44,6,6,5,5,6,5,5,5,4,2,1,2,1,1,27,0
did_not_back_down,5,2,4.8,6,A31QYF2ZCS1GOJ,6,6,6,6,5,4,5,5,5,2,1,2,1,0,24,0
did_not_back_down,5,2,6.8,6.25,A23YQ8J1DNM084,7,7,5,6,7,7,6,7,7,2,1,2,1,0,40,0
did_not_back_down,5,2,4.8,7,AXEXQBM7B2QT9,7,7,7,7,5,4,5,5,5,2,1,2,1,0,53,0
did_not_back_down,6,2,6.6,6.25,A2V3047SS2IVF,7,6,6,6,7,5,7,7,7,2,1,2,1,1,23,0
did_not_back_down,6,2,7,7,ACCTTGMQQ8K0M,7,7,7,7,7,7,7,7,7,2,1,2,1,1,24,0
did_not_back_down,6,2,5.6,5.75,AVUCJU0PCJ7X3,5,6,6,6,6,5,6,5,6,2,1,2,1,1,38,0
did_not_back_down,6,2,6.2,6,A1ROKI5TP0V6OW,6,6,6,6,6,7,6,6,6,2,1,2,1,1,36,0
did_not_back_down,6,2,5.6,6.5,AVUCJU0PCJ7X3,7,6,7,6,5,5,6,6,6,2,1,2,1,1,38,0
did_not_back_down,6,2,6.2,7,AYSG3J2U3UF1Y,7,7,7,7,7,7,6,6,5,2,1,2,1,1,58,0
did_not_back_down,6,2,4.4,4.5,A3UC9N3EEE6733,4,5,5,4,5,4,4,4,5,2,1,2,1,1,24,0
did_not_back_down,6,2,5,5,AF1FSG4HM13IQ,5,5,5,5,5,5,5,5,5,2,1,2,1,1,42,0
did_not_back_down,6,2,6.2,6.5,A2DJ95HY0IJ82H,6,7,6,7,6,6,7,6,6,2,1,2,1,0,66,0
did_not_back_down,6,2,6,7,A3NZ9C8PJRH6HJ,7,7,7,7,6,6,5,6,7,2,1,2,1,0,29,0
did_not_back_down,7,2,7,6,A35GEH7589M8079,6,6,6,6,7,7,7,7,7,2,1,2,1,0,80,0
did_not_back_down,7,2,7,7,A7NUU48OF3D59,7,7,7,7,7,7,7,7,7,2,1,2,1,1,23,0
did_not_back_down,7,2,7,7,A20NDRGSZZRQF,7,7,7,7,7,7,7,7,7,2,1,2,1,0,45,0
backed_down,4,NA,4.2,5,A3A6A30JN4KOTG,5,5,5,5,4,5,4,4,4,3,0,2,1,1,31,NA
did_not_back_down,5,2,5.8,6.25,A1EIVUU0RIGPFT,6,7,6,6,6,6,5,6,6,3,0,2,1,0,27,0
did_not_back_down,5,2,6,6.5,A340UGIDGIF4W6,7,7,6,6,7,6,6,5,6,3,0,2,1,0,43,0
did_not_back_down,5,2,3.8,3.75,A2XFO0X6RCS98M,3,3,5,4,4,4,4,4,3,3,0,2,1,1,28,0
did_not_back_down,7,2,6,7,AK1Y09TWU3IQ6,7,7,7,7,6,6,6,6,6,2,1,3,0,0,42,0
backed_down,2,2,3.2,2.25,A2M6TJIR21BN2W,3,3,2,1,4,2,5,2,3,1,1,4,0,1,31,0
backed_down,5,1,5.2,5,A36W1S4Z2LSNTC,5,5,5,5,6,5,5,5,5,1,1,4,0,0,32,1
backed_down,6,1,5.8,6,A38HV76MWKK0EY,6,6,6,6,6,6,5,6,6,1,1,4,0,0,37,1
backed_down,6,1,5.6,5,AMK9LJTZOOWC5,5,5,5,5,6,6,5,6,5,1,1,4,0,0,33,1
backed_down,6,1,4.4,5,A03172343NB8PHOPICC1,5,5,5,5,4,4,5,5,4,1,1,4,0,1,22,1
backed_down,6,1,6,3,A1NOHVLPYWB0TP,3,3,3,3,6,6,6,6,6,1,1,4,0,0,33,1
backed_down,7,1,6.6,6.5,A2YJOHV4L8M85P,6,7,7,6,7,7,6,6,7,1,1,4,0,1,33,1
backed_down,7,1,7,7,A1DIW2K1J89CMO,7,7,7,7,7,7,7,7,7,1,1,4,0,0,22,1
backed_down,6,1,6.4,6.25,A3I5M3F1SH0G8N,5,7,6,7,6,7,6,6,7,2,0,4,0,0,41,1
did_not_back_down,5,2,6,6.5,AUK4KGOJP9F0H,6,6,7,7,6,5,6,6,7,2,1,4,0,0,28,0
backed_down,6,1,5.6,5.25,A1710X6OIQP62Q,5,5,5,6,5,4,6,6,7,1,1,5,0,0,34,1
backed_down,6,1,7,5,AKZD89B2WLSX7,5,5,5,5,7,7,7,7,7,1,1,5,0,0,49,1
backed_down,7,1,7,5,A39VDI1CVOMMIN,5,5,5,5,7,7,7,7,7,1,1,5,0,1,21,1
did_not_back_down,6,2,6.8,7,A2E6YPCJHJOLRD,7,7,7,7,7,6,7,7,7,1,0,5,0,1,31,0
backed_down,5,1,5.4,5.5,AMY9FF4EMW50O,5,6,6,5,5,5,6,6,5,2,0,5,0,1,30,1
backed_down,6,1,4.8,5.5,A3M9AFBWBR86G6,6,5,5,6,5,4,5,6,4,2,0,5,0,1,29,1
did_not_back_down,5,2,4.6,4.5,A3BOY7SUI425MK,4,4,5,5,4,5,4,5,5,2,1,5,0,0,22,0
did_not_back_down,5,2,5.8,7,A370SFHTRCD230,7,7,7,7,7,6,5,7,4,2,1,5,0,NA,NA,0
did_not_back_down,6,2,6,6,A3RUUCI6HGJKNW,6,6,6,6,6,6,6,6,6,2,1,5,0,0,42,0
did_not_back_down,4,NA,4.2,6,A2X2OS8NNDMJY0,7,6,6,5,3,5,5,4,4,3,0,5,0,1,34,NA
did_not_back_down,6,2,4.8,5.25,A2FKNAUKK60EWJ,6,5,5,5,4,6,4,5,5,3,0,5,0,1,47,0
backed_down,2,2,4,4,A1CTOT46Y4W11J,4,4,4,4,4,4,4,4,4,1,1,6,0,1,25,0
backed_down,2,2,2,3.75,A1OXBE8DAVM57P,4,4,4,3,2,2,2,2,2,1,1,6,0,1,25,0
backed_down,4,NA,5.4,4.5,ARJXQ2HPZKBHP,5,5,4,4,5,5,5,6,6,1,1,6,0,0,41,NA
backed_down,5,1,5.4,6.25,A1ZMXTHA231F8P,7,6,6,6,6,4,6,6,5,1,1,6,0,0,27,1
backed_down,6,1,5.4,3,A2WC8C5H4HJJMC,3,4,3,2,5,5,6,5,6,1,1,6,0,1,29,1
backed_down,6,1,4.4,5.25,A24ZKEJTS1O4IW,5,4,6,6,4,5,4,4,5,1,1,6,0,1,30,1
backed_down,6,1,6,6,A1BUBB41AO8TZ9,6,6,6,6,6,6,6,6,6,1,1,6,0,0,27,1
backed_down,6,1,5,5,A30CKD84V82EH2,5,5,5,5,5,5,5,5,5,1,1,6,0,0,46,1
backed_down,6,1,6,6,AQTJFPB37TML0,6,6,6,6,6,6,6,6,6,1,1,6,0,1,24,1
did_not_back_down,4,NA,4,6,A1YI1H05AQ3ING,6,6,6,6,4,4,4,4,4,1,0,6,0,1,30,NA
did_not_back_down,4,NA,4,4,A119S66722ZWOW,4,4,4,4,4,4,4,4,4,1,0,6,0,0,30,NA
backed_down,4,NA,4,3.25,A3NQ988D43B0JW,2,3,4,4,4,4,4,5,3,2,0,6,0,1,25,NA
did_not_back_down,1,1,3.2,6.5,A13QLFAG3OGRT8,6,7,6,7,5,2,4,3,2,2,1,6,0,1,44,1
did_not_back_down,2,1,2,5,A1C7XI68SED8JE,5,5,5,5,2,2,2,2,2,2,1,6,0,0,36,1
did_not_back_down,3,1,3.6,5,A1DWMYWNC3QCFM,5,5,5,5,4,4,2,4,4,2,1,6,0,1,32,1
did_not_back_down,4,NA,3.6,7,A3I9743KVD971V,7,7,7,7,5,2,3,5,3,2,1,6,0,1,23,NA
did_not_back_down,5,2,4.6,5,A3OZ5DRX0ARFM4,5,4,5,6,5,5,4,3,6,2,1,6,0,1,29,0
did_not_back_down,5,2,4.6,3.5,A1TOHQNC01HNO8,4,3,4,3,4,4,5,5,5,2,1,6,0,0,30,0
did_not_back_down,5,2,5,7,A1X1OL9L162X8Q,7,7,7,7,5,5,5,5,5,2,1,6,0,0,32,0
did_not_back_down,5,2,6,6,A2OVX9UW5WANQE,6,6,6,6,6,6,6,6,6,2,1,6,0,0,45,0
did_not_back_down,5,2,4.2,5,A22UMPYYQBXT0F,5,5,5,5,5,4,3,4,5,2,1,6,0,1,26,0
did_not_back_down,6,2,5.8,5.5,A2XJKUAF3WMT8W,5,6,5,6,6,5,6,6,6,2,1,6,0,NA,NA,0
did_not_back_down,6,2,7,6,A3Q9UIPBY9QWLA,6,6,6,6,7,7,7,7,7,2,1,6,0,1,32,0
did_not_back_down,6,2,5.6,5.5,AHOAVGSI4TG30,6,5,6,5,6,6,6,5,5,2,1,6,0,0,39,0
did_not_back_down,6,2,5.8,5.75,A1U77XDX5VK70V,6,6,5,6,5,6,6,6,6,2,1,6,0,0,31,0
did_not_back_down,6,2,6,6.75,A3FY6THWKRYN9M,7,7,7,6,6,6,6,6,6,2,1,6,0,0,37,0
backed_down,7,1,7,7,A33QL701J8JMN1,7,7,7,7,7,7,7,7,7,3,0,6,0,0,27,1
did_not_back_down,4,NA,4,4,A35H05ZTUL743M,4,4,4,4,4,4,4,4,4,3,0,6,0,1,21,NA
did_not_back_down,5,2,3,3,A1PLYU7HZ97RF0,3,2,4,3,2,4,4,2,3,3,0,6,0,0,53,0
did_not_back_down,5,2,2.8,3,A1PLYU7HZ97RF0,4,2,3,3,2,3,3,2,4,3,0,6,0,0,53,0
did_not_back_down,5,2,4,3.75,A20MO1430Z8C18,3,5,3,4,6,3,4,4,3,3,0,6,0,1,34,0
